combined_key,ASIN,BRAND,MARKETPLACE,reg_slope,kmeans_label,hdbscan_label
H&S__IT__B017GLNHEG,B017GLNHEG,H&S,IT,-0.0739516483516484,7,8
Espring__ES__B098XCZZ3Q,B098XCZZ3Q,Espring,ES,0.0,2,9
H&S__US__B07GTF236R,B07GTF236R,H&S,US,-0.17971874316490088,4,0
Espring__DE__B0857JT2ZP,B0857JT2ZP,Espring,DE,0.0,0,5
Tritart__DE__B073WBT4V7,B073WBT4V7,Tritart,DE,-0.008048289738430582,6,2
H&S__ES__B01NATTRD3,B01NATTRD3,H&S,ES,1.2857142857142847,7,-1
H&S__UK__B07PPM6WDZ,B07PPM6WDZ,H&S,UK,-0.04955607691839994,0,5
H&S__IT__B00NBCCR0A,B00NBCCR0A,H&S,IT,-0.0311585110832288,1,-1
Tritart__IT__B08Q42K5PK,B08Q42K5PK,Tritart,IT,0.0,0,5
Espring__IT__B086T37ZV1,B086T37ZV1,Espring,IT,0.013348587630797019,3,3
H&S__UK__B07GZ818S1,B07GZ818S1,H&S,UK,-0.018814183619381676,3,-1
H&S__DE__B07TN75FC1,B07TN75FC1,H&S,DE,0.003226307525671919,5,-1
H&S__UK__B07JHNHW2K,B07JHNHW2K,H&S,UK,-0.004608298019888657,1,4
H&S__US__B07WTXZ2JC,B07WTXZ2JC,H&S,US,-0.020219520516129068,1,4
H&S__UK__B0739F745J,B0739F745J,H&S,UK,-0.024866908839816442,6,-1
Espring__IT__B0857K4ZDQ,B0857K4ZDQ,Espring,IT,-0.47872340425531923,0,5
H&S__UK__B00C1S9C4Y,B00C1S9C4Y,H&S,UK,-0.00022877508328306972,4,0
H&S__DE__B07GN1J9RV,B07GN1J9RV,H&S,DE,-4.289471179893563e-32,2,9
H&S__US__B071KX221S,B071KX221S,H&S,US,-0.011852418889310592,2,-1
Tritart__ES__B08Q42K5PK,B08Q42K5PK,Tritart,ES,-0.09788092835519661,0,5
Espring__DE__B071W1B6L3,B071W1B6L3,Espring,DE,-0.2030640668523677,4,0
Espring__IT__B01IHT0V18,B01IHT0V18,Espring,IT,0.4698181818181817,2,-1
Tritart__DE__B07D3RXR76,B07D3RXR76,Tritart,DE,-0.5014556040756913,0,5
H&S__DE__B00C01Z4BC,B00C01Z4BC,H&S,DE,-0.019759450171821322,3,-1
H&S__UK__B01G9KXXGM,B01G9KXXGM,H&S,UK,-0.0033856014602407516,4,0
Espring__DE__B08ZXT53T4,B08ZXT53T4,Espring,DE,-0.0,2,9
Espring__US__B01JIVXOUO,B01JIVXOUO,Espring,US,-0.39340300357039176,2,9
H&S__UK__B07DW2WX4N,B07DW2WX4N,H&S,UK,-0.0016257426989478522,0,5
Espring__DE__B015H6NFPS,B015H6NFPS,Espring,DE,0.0,2,9
H&S__DE__B00TY1HA18,B00TY1HA18,H&S,DE,0.34793863099921335,7,8
H&S__ES__B07DW4QJX7,B07DW4QJX7,H&S,ES,3.251448576643873e-31,0,5
Espring__ES__B09LVD6J4C,B09LVD6J4C,Espring,ES,1.4195833333333332,5,6
H&S__US__B07DW7R9V8,B07DW7R9V8,H&S,US,-0.004647317093911772,6,-1
H&S__UK__B072JVLVPM,B072JVLVPM,H&S,UK,-0.00045010872869931785,7,8
H&S__ES__B071LJBPNT,B071LJBPNT,H&S,ES,0.0,1,4
H&S__ES__B07DPTK7FG,B07DPTK7FG,H&S,ES,-7.523103004506394e-32,1,4
Espring__UK__B01HXOSRYG,B01HXOSRYG,Espring,UK,-0.4306340776332623,1,1
H&S__ES__B07RLJBB1N,B07RLJBB1N,H&S,ES,0.0,6,2
H&S__UK__B01NATTRD3,B01NATTRD3,H&S,UK,-0.006886219178625398,7,-1
Espring__IT__B07V6LNFZQ,B07V6LNFZQ,Espring,IT,2.6399999999999992,5,6
Tritart__DE__B08Q449TCF,B08Q449TCF,Tritart,DE,-0.6056603773584907,0,5
H&S__ES__B01MY6R11P,B01MY6R11P,H&S,ES,-0.615,6,2
H&S__UK__B074VWN2SN,B074VWN2SN,H&S,UK,-0.006143100184904502,1,4
Tritart__UK__B073WNN94R,B073WNN94R,Tritart,UK,-1.3092216218918191,3,-1
H&S__UK__B07GBK5SQL,B07GBK5SQL,H&S,UK,-0.029514300339478296,2,-1
H&S__DE__B07DW7R9V8,B07DW7R9V8,H&S,DE,1.745846869574339e-32,6,-1
Espring__IT__B01MUSUMUS,B01MUSUMUS,Espring,IT,0.06444275966641468,7,8
H&S__UK__B07CKHXWR9,B07CKHXWR9,H&S,UK,-0.011931017982987891,3,-1
H&S__ES__B071KX221S,B071KX221S,H&S,ES,-5.182895148964013e-32,2,-1
Espring__DE__B01LWJRCVJ,B01LWJRCVJ,Espring,DE,-0.1813854310742276,7,8
Espring__IT__B07YZCZLW5,B07YZCZLW5,Espring,IT,-0.4819230769230769,5,7
H&S__UK__B07DW7R9V8,B07DW7R9V8,H&S,UK,-0.029443589466599432,6,2
H&S__DE__B07KV8NYBN,B07KV8NYBN,H&S,DE,0.0,0,5
Tritart__UK__B073ZN6SH9,B073ZN6SH9,Tritart,UK,-0.04188131941391628,0,5
H&S__ES__B0788Z6RBV,B0788Z6RBV,H&S,ES,-0.02698412698412697,0,5
H&S__DE__B07KV8ZB91,B07KV8ZB91,H&S,DE,-0.00041602282182337367,0,5
Espring__UK__B0857K4ZDQ,B0857K4ZDQ,Espring,UK,0.0259660765579708,0,5
Tritart__ES__B072P2MH3T,B072P2MH3T,Tritart,ES,-0.0,0,5
H&S__ES__B071XNQZJ7,B071XNQZJ7,H&S,ES,-0.06768231768231771,5,7
Espring__ES__B019IYUZ1W,B019IYUZ1W,Espring,ES,-0.19805084745762722,2,-1
Espring__DE__B08YK68R6M,B08YK68R6M,Espring,DE,0.14577798861480076,1,4
Espring__DE__B07V2B47V3,B07V2B47V3,Espring,DE,-0.05220652964366363,5,6
H&S__DE__B07CPD18VZ,B07CPD18VZ,H&S,DE,0.0698016164584865,3,-1
H&S__DE__B07G57DPXZ,B07G57DPXZ,H&S,DE,-0.006103596172880228,7,8
H&S__US__B07S5KW5WQ,B07S5KW5WQ,H&S,US,-0.046616259678714744,2,-1
Espring__IT__B07SNF9BKP,B07SNF9BKP,Espring,IT,-0.21627723397537102,1,1
H&S__DE__B072Q35687,B072Q35687,H&S,DE,0.05166666666666657,2,-1
Espring__IT__B01HMJ2OF0,B01HMJ2OF0,Espring,IT,-0.02769230769230762,2,-1
H&S__IT__B00BVUIVYU,B00BVUIVYU,H&S,IT,0.13846997532218255,3,-1
H&S__IT__B00C1S9C4Y,B00C1S9C4Y,H&S,IT,-0.024749026583900383,4,0
Tritart__IT__B073WBT4V7,B073WBT4V7,Tritart,IT,1.9231598945306895e-31,6,2
H&S__US__B00TY0BZ56,B00TY0BZ56,H&S,US,0.024013776106868324,4,-1
Espring__DE__B01JA9T2N2,B01JA9T2N2,Espring,DE,-0.03285190451245978,7,8
H&S__US__B00C13AZFE,B00C13AZFE,H&S,US,0.2106354731479083,4,0
H&S__DE__B06Y4ND4LX,B06Y4ND4LX,H&S,DE,-0.054753136149154114,1,1
H&S__US__B016AHAPJC,B016AHAPJC,H&S,US,0.05365430761479598,5,7
Tritart__DE__B083DJDRT1,B083DJDRT1,Tritart,DE,-0.09217801753202973,0,5
H&S__IT__B06Y51KHKW,B06Y51KHKW,H&S,IT,-1.0,6,2
Espring__US__B01HZDQ5Q2,B01HZDQ5Q2,Espring,US,3.124354186391129e-05,2,9
H&S__ES__B07DK6L9N7,B07DK6L9N7,H&S,ES,0.0,3,-1
Espring__ES__B01J3WOZ4M,B01J3WOZ4M,Espring,ES,-0.0,1,4
H&S__ES__B00TY0BZ56,B00TY0BZ56,H&S,ES,-0.012240823071172838,4,-1
H&S__DE__B00TY0BZ56,B00TY0BZ56,H&S,DE,-0.056803105498501316,4,0
H&S__ES__B07DZHXPL6,B07DZHXPL6,H&S,ES,-0.0021704180064308666,3,-1
Espring__US__B098XG9G97,B098XG9G97,Espring,US,0.024215125245901636,2,9
Espring__ES__B01AM85KWW,B01AM85KWW,Espring,ES,0.0,1,-1
H&S__US__B071LJBPNT,B071LJBPNT,H&S,US,-1.1144314836923075,1,4
Espring__DE__B08B8GDLSH,B08B8GDLSH,Espring,DE,-1.6938599837529029e-31,1,1
Tritart__US__B074LTCT6C,B074LTCT6C,Tritart,US,-0.05998446678971409,3,-1
H&S__IT__B01N8XWTUI,B01N8XWTUI,H&S,IT,0.0,5,-1
Tritart__DE__B08DD1R735,B08DD1R735,Tritart,DE,-0.3128952122854561,6,-1
Tritart__DE__B085H4Z36Y,B085H4Z36Y,Tritart,DE,-0.1906077348066298,6,2
Espring__ES__B01HMJ2LQW,B01HMJ2LQW,Espring,ES,0.20446808510638229,0,5
Espring__IT__B01LPSMHS8,B01LPSMHS8,Espring,IT,-0.0,1,-1
Espring__IT__B01LQ4CZ3S,B01LQ4CZ3S,Espring,IT,-1.0501792114695343,2,9
Espring__DE__B01HMJ2LQW,B01HMJ2LQW,Espring,DE,-0.14590097402597396,0,5
Espring__ES__B092JHRZ4H,B092JHRZ4H,Espring,ES,-1.6179999999999994,2,9
Espring__DE__B088MGYR8K,B088MGYR8K,Espring,DE,-5.156679562819013e-32,5,7
Espring__ES__B01LXCW0VK,B01LXCW0VK,Espring,ES,-0.0,2,-1
Espring__ES__B071W1B6L3,B071W1B6L3,Espring,ES,0.14675438596491264,4,0
Espring__IT__B01HXX8RVA,B01HXX8RVA,Espring,IT,0.0,1,4
H&S__UK__B01MRVUOAB,B01MRVUOAB,H&S,UK,0.0021129416815281418,1,-1
Espring__DE__B085F37HBC,B085F37HBC,Espring,DE,0.009949508733624443,0,5
Tritart__IT__B01LIQ82OA,B01LIQ82OA,Tritart,IT,-0.20277563608326915,0,5
H&S__DE__B0721JH8PH,B0721JH8PH,H&S,DE,-0.04335699797160249,2,-1
H&S__US__B073TRQQQT,B073TRQQQT,H&S,US,-0.023126775339487805,7,8
H&S__DE__B07J5SM2HC,B07J5SM2HC,H&S,DE,-0.33434062108341467,4,0
Espring__US__B01HOA4J5K,B01HOA4J5K,Espring,US,-0.11799979396510926,7,8
Espring__ES__B01LQ4CZ3S,B01LQ4CZ3S,Espring,ES,-0.18512110726643619,2,9
H&S__DE__B0791GDKBP,B0791GDKBP,H&S,DE,0.0,4,-1
H&S__IT__B01MSWBUX5,B01MSWBUX5,H&S,IT,-0.050632911392405,4,0
H&S__IT__B01MSWBUX5,B01MSWBUX5,H&S,IT,-0.050632911392405,4,0
H&S__ES__B07GKV4789,B07GKV4789,H&S,ES,-0.5327929255711128,4,-1
H&S__DE__B06Y4JMTWV,B06Y4JMTWV,H&S,DE,0.029042224510813595,2,-1
H&S__DE__B07GZ818S1,B07GZ818S1,H&S,DE,0.0,3,-1
Espring__ES__B092D6Z5S6,B092D6Z5S6,Espring,ES,0.4407837445573298,3,3
H&S__UK__B06Y4S6ZCP,B06Y4S6ZCP,H&S,UK,0.0026978888155922034,1,4
H&S__UK__B07FQ4RB6V,B07FQ4RB6V,H&S,UK,-0.03453048969196006,1,-1
H&S__IT__B07GTF236R,B07GTF236R,H&S,IT,0.39999999999999986,4,0
H&S__DE__B071KX221S,B071KX221S,H&S,DE,0.0051154495963957125,2,-1
H&S__IT__B00FHGGUT2,B00FHGGUT2,H&S,IT,4.085023288824944e-31,7,8
H&S__ES__B07JHNHW2K,B07JHNHW2K,H&S,ES,0.007314064152273534,1,4
Espring__DE__B07T234J87,B07T234J87,Espring,DE,0.3888888888888886,1,-1
H&S__IT__B071WJFD25,B071WJFD25,H&S,IT,0.0,1,4
Tritart__IT__B07XMCL1C2,B07XMCL1C2,Tritart,IT,0.31935483870967785,0,5
H&S__ES__B07JHGCQPR,B07JHGCQPR,H&S,ES,0.0,0,5
Espring__US__B0193JCAKG,B0193JCAKG,Espring,US,0.011031976299810163,2,-1
Espring__US__B098XCZZ3Q,B098XCZZ3Q,Espring,US,-0.02673222552407933,2,9
Espring__DE__B07V4G5TJK,B07V4G5TJK,Espring,DE,0.0,5,6
Espring__ES__B09LVF7X3D,B09LVF7X3D,Espring,ES,-2.5,5,6
Espring__ES__B09LVCLKB2,B09LVCLKB2,Espring,ES,3.844545454545456,5,6
H&S__UK__B00C13AZEA,B00C13AZEA,H&S,UK,0.012755030313033506,4,0
H&S__UK__B00C13AZEA,B00C13AZEA,H&S,UK,0.012755030313033506,4,0
H&S__UK__B06W2GK4N9,B06W2GK4N9,H&S,UK,-0.024062942953473287,2,9
Espring__IT__B014TDD6OU,B014TDD6OU,Espring,IT,0.087964338781575,2,9
Tritart__DE__B07TGFSLCB,B07TGFSLCB,Tritart,DE,-0.024637922423838842,0,5
H&S__DE__B01MSWD3MC,B01MSWD3MC,H&S,DE,-0.0,1,-1
H&S__UK__B06Y2MZH39,B06Y2MZH39,H&S,UK,-0.09741024826983899,2,-1
Espring__DE__B01N3SL15M,B01N3SL15M,Espring,DE,0.375,5,-1
Espring__US__B088RHXFJ4,B088RHXFJ4,Espring,US,-0.13022081513221792,7,8
H&S__US__B072JVLVPM,B072JVLVPM,H&S,US,-0.009324415781738647,7,8
Espring__US__B01IRAN2R2,B01IRAN2R2,Espring,US,0.1723504251373912,4,0
Espring__ES__B015H6NFPS,B015H6NFPS,Espring,ES,0.0,2,-1
Espring__DE__B07FT9R697,B07FT9R697,Espring,DE,-0.048915551453622454,1,-1
H&S__US__B01MXVFWJM,B01MXVFWJM,H&S,US,0.05068041392146596,7,-1
H&S__US__B01M8K6DZ2,B01M8K6DZ2,H&S,US,-0.7039774367500005,5,6
Espring__ES__B018I2DWPQ,B018I2DWPQ,Espring,ES,-0.006896551724137785,2,9
H&S__UK__B00C13AZFE,B00C13AZFE,H&S,UK,-0.002721336518104723,4,0
H&S__UK__B00C13AZFE,B00C13AZFE,H&S,UK,-0.002721336518104723,4,0
H&S__US__B0739F745J,B0739F745J,H&S,US,0.0,5,-1
Espring__UK__B017DIQL0O,B017DIQL0O,Espring,UK,-0.09675762131474108,7,-1
H&S__DE__B07JHGCQPR,B07JHGCQPR,H&S,DE,0.036180904522613036,0,5
H&S__IT__B07TDLK5W3,B07TDLK5W3,H&S,IT,-0.3380462724935733,0,5
Espring__DE__B01J7YPHCU,B01J7YPHCU,Espring,DE,-0.18290026689572658,2,-1
Espring__DE__B071LHTNJP,B071LHTNJP,Espring,DE,-0.022139924321713255,2,-1
H&S__UK__B01NBTJL36,B01NBTJL36,H&S,UK,-0.011886544438287855,2,-1
Espring__IT__B01N7RK458,B01N7RK458,Espring,IT,-1.0711528564381686e-31,6,2
H&S__DE__B07DZHXPL6,B07DZHXPL6,H&S,DE,-0.00027265192165074384,3,-1
H&S__US__B07TKCV8HT,B07TKCV8HT,H&S,US,-0.4298817748013963,4,0
H&S__US__B06XS97SKH,B06XS97SKH,H&S,US,0.0547400876083543,6,-1
H&S__IT__B07S5KW5WQ,B07S5KW5WQ,H&S,IT,2.118431354163667e-31,2,-1
H&S__ES__B07W51S61C,B07W51S61C,H&S,ES,-5.313636258238906e-31,0,5
H&S__DE__B071XNQZJ7,B071XNQZJ7,H&S,DE,-0.10385908909536562,5,7
H&S__ES__B07CHDHCMR,B07CHDHCMR,H&S,ES,1.232616144572502e-30,3,-1
H&S__UK__B07WTXZ2JC,B07WTXZ2JC,H&S,UK,-0.006879233503194376,1,-1
Espring__DE__B08CGYF2L5,B08CGYF2L5,Espring,DE,-0.2972972972972973,1,1
H&S__UK__B017GLNHEG,B017GLNHEG,H&S,UK,-0.01044795696984078,7,8
H&S__UK__B07F1WVSWR,B07F1WVSWR,H&S,UK,-0.0030385262226822704,1,-1
Espring__ES__B01HBA2IM4,B01HBA2IM4,Espring,ES,1.419556958406369e-17,5,-1
Espring__DE__B01IRAN2R2,B01IRAN2R2,Espring,DE,0.022137096774193555,4,0
Espring__IT__B07PPT27PH,B07PPT27PH,Espring,IT,-0.6972410981244902,0,5
Espring__US__B09FLHCNMQ,B09FLHCNMQ,Espring,US,-0.28242150555803597,2,9
H&S__UK__B072LXQPCH,B072LXQPCH,H&S,UK,-0.00764438020579002,6,2
H&S__DE__B06Y51KHKW,B06Y51KHKW,H&S,DE,-0.024160732451678556,6,2
H&S__DE__B07VNGCG2J,B07VNGCG2J,H&S,DE,-0.03510583376355177,0,5
Tritart__DE__B08Q34XNJF,B08Q34XNJF,Tritart,DE,-0.18996040065222455,0,5
Espring__DE__B09WJ1JKWP,B09WJ1JKWP,Espring,DE,0.0,2,-1
H&S__DE__B07D25PJS4,B07D25PJS4,H&S,DE,-0.03007380073800741,6,-1
Espring__ES__B08ZC82Q8Q,B08ZC82Q8Q,Espring,ES,-0.38909090909090915,5,7
H&S__IT__B01K1135UO,B01K1135UO,H&S,IT,-0.004142606075822265,7,-1
H&S__UK__B00C13AZEK,B00C13AZEK,H&S,UK,-0.0354712508526272,4,0
H&S__UK__B00C13AZEK,B00C13AZEK,H&S,UK,-0.0354712508526272,4,0
H&S__US__B06Y2MZH39,B06Y2MZH39,H&S,US,-0.01036116074074038,2,-1
Espring__IT__B018I2DWPQ,B018I2DWPQ,Espring,IT,0.16866666666666644,2,9
Espring__US__B08JCVX1WY,B08JCVX1WY,Espring,US,-1.1854245367030067,2,9
H&S__ES__B016CQV2E8,B016CQV2E8,H&S,ES,-0.007882403067746062,5,7
H&S__UK__B00MVG3X6Y,B00MVG3X6Y,H&S,UK,0.0015580656704251808,1,-1
Espring__DE__B019DWX2Y6,B019DWX2Y6,Espring,DE,-1.0964008489647982e-32,2,-1
Tritart__IT__B072HKHJJS,B072HKHJJS,Tritart,IT,-1.2456520092389565e-31,2,-1
H&S__IT__B01MXVFWJM,B01MXVFWJM,H&S,IT,0.0,7,-1
Espring__DE__B01JP1QDKU,B01JP1QDKU,Espring,DE,-0.21168264388824648,1,1
H&S__DE__B07DW2WX4N,B07DW2WX4N,H&S,DE,-0.11666666666666664,0,5
H&S__DE__B07D72GCWP,B07D72GCWP,H&S,DE,-0.1409968421395318,0,5
H&S__DE__B06XS97SKH,B06XS97SKH,H&S,DE,0.2887745839636916,6,-1
Tritart__IT__B0829BCTTX,B0829BCTTX,Tritart,IT,0.37420094077915794,0,5
Espring__ES__B0727Q3H5D,B0727Q3H5D,Espring,ES,0.021527498996387,2,9
H&S__US__B07CNDR86T,B07CNDR86T,H&S,US,9.813077866773593e-18,6,2
Espring__IT__B0144EOR7E,B0144EOR7E,Espring,IT,-0.05413533834586461,2,9
Tritart__IT__B07SWX3J6S,B07SWX3J6S,Tritart,IT,0.12829046898638427,0,5
Espring__IT__B085F37HBC,B085F37HBC,Espring,IT,-0.019396534942573457,0,5
Tritart__UK__B083KBDRSW,B083KBDRSW,Tritart,UK,-0.33085194354838704,1,4
Espring__IT__B01M15S063,B01M15S063,Espring,IT,0.3704773413897281,4,-1
Espring__DE__B07TTMNMLP,B07TTMNMLP,Espring,DE,-0.09352947242806844,4,0
Espring__IT__B0193JCAKG,B0193JCAKG,Espring,IT,0.37100591715976344,3,-1
Espring__DE__B08D6GR44H,B08D6GR44H,Espring,DE,-0.0,2,-1
H&S__IT__B07CPD18VZ,B07CPD18VZ,H&S,IT,0.009146341463414552,3,3
H&S__US__B07W51S61C,B07W51S61C,H&S,US,0.08043958585714281,0,5
H&S__ES__B01M7RJXEE,B01M7RJXEE,H&S,ES,4.822943630388827e-31,5,7
Tritart__ES__B07DGKQ896,B07DGKQ896,Tritart,ES,-0.19402234636871507,0,5
Espring__UK__B085F37HBC,B085F37HBC,Espring,UK,-0.27462706431542916,0,5
Espring__DE__B088RHVC9K,B088RHVC9K,Espring,DE,-0.1173364245234416,7,8
H&S__ES__B07D25PJS4,B07D25PJS4,H&S,ES,8.894162490841341e-32,6,-1
H&S__US__B07TDLK5W3,B07TDLK5W3,H&S,US,-0.08646309981499259,0,5
Espring__ES__B09LVB5HM6,B09LVB5HM6,Espring,ES,0.1570588235294118,5,6
Espring__DE__B088MFTGV5,B088MFTGV5,Espring,DE,-0.251105216622458,2,9
H&S__US__B01N8XWTUI,B01N8XWTUI,H&S,US,-0.01465205142443107,5,-1
H&S__DE__B01MXVFWJM,B01MXVFWJM,H&S,DE,-0.011303418186020969,7,-1
H&S__UK__B06XS97SKH,B06XS97SKH,H&S,UK,-0.010903506141218147,6,-1
H&S__ES__B07GZ9GH8T,B07GZ9GH8T,H&S,ES,4.199032819662948e-31,3,3
H&S__IT__B06XVJL3NP,B06XVJL3NP,H&S,IT,-1.0,6,2
Espring__IT__B01JP1QDKU,B01JP1QDKU,Espring,IT,-0.13156996587030717,1,1
H&S__UK__B078X4KLL3,B078X4KLL3,H&S,UK,0.0006909668460266298,6,-1
H&S__US__B07CHDHCMR,B07CHDHCMR,H&S,US,0.0,3,-1
Espring__ES__B085F3767Z,B085F3767Z,Espring,ES,-0.0,0,5
H&S__UK__B07DPRTTQ9,B07DPRTTQ9,H&S,UK,-6.5976491273516866e-06,3,3
H&S__UK__B07DPRTTQ9,B07DPRTTQ9,H&S,UK,-6.5976491273516866e-06,3,3
H&S__ES__B07GBK5SQL,B07GBK5SQL,H&S,ES,-0.22416879795396405,2,-1
Tritart__DE__B08Q2TZMVD,B08Q2TZMVD,Tritart,DE,-0.04249051490514905,7,-1
Espring__IT__B085F3767Z,B085F3767Z,Espring,IT,0.0,0,5
H&S__UK__B07DW4QJX7,B07DW4QJX7,H&S,UK,-0.0028499071291748514,2,5
Espring__DE__B07FT9FHCR,B07FT9FHCR,Espring,DE,0.0,1,-1
Espring__ES__B07T7N8DP7,B07T7N8DP7,Espring,ES,0.16666666666666655,7,-1
Espring__ES__B07T83NWZ5,B07T83NWZ5,Espring,ES,0.0,7,-1
Espring__IT__B01LNDMWQC,B01LNDMWQC,Espring,IT,0.3186153846153842,2,9
Espring__US__B08N18QKFK,B08N18QKFK,Espring,US,0.056528482105263234,1,4
H&S__UK__B07VNGCG2J,B07VNGCG2J,H&S,UK,-0.0380177133958394,0,5
H&S__IT__B072JVLVPM,B072JVLVPM,H&S,IT,0.0,7,8
H&S__US__B073ZQFKV4,B073ZQFKV4,H&S,US,-0.0027001728190403883,3,3
Espring__ES__B09M77GSNH,B09M77GSNH,Espring,ES,-0.004166666666666581,6,2
H&S__UK__B00NBCCR0A,B00NBCCR0A,H&S,UK,0.0012977325160581903,1,-1
Espring__IT__B01JA9T2N2,B01JA9T2N2,Espring,IT,-1.2724164844676258e-31,7,-1
H&S__DE__B00BBL0OPS,B00BBL0OPS,H&S,DE,-2.799027552674231,0,5
H&S__US__B01JXX9960,B01JXX9960,H&S,US,-0.28095994271173136,7,8
Tritart__ES__B01LIQ82OA,B01LIQ82OA,Tritart,ES,-0.04553495612793661,0,5
Tritart__ES__B073WBT4V7,B073WBT4V7,Tritart,ES,-4.219354936292654e-31,6,2
H&S__IT__B07JZD2S4S,B07JZD2S4S,H&S,IT,0.0,0,5
Espring__DE__B0872W1YTK,B0872W1YTK,Espring,DE,-0.030436802973977693,1,1
Espring__DE__B015FX4ZZ2,B015FX4ZZ2,Espring,DE,-0.029609690444145336,2,-1
Espring__DE__B0857K4ZDQ,B0857K4ZDQ,Espring,DE,-0.20142421159715151,0,5
H&S__UK__B07DZHXPL6,B07DZHXPL6,H&S,UK,0.0007568382511712211,3,-1
H&S__DE__B06Y4ND43F,B06Y4ND43F,H&S,DE,-0.0,1,1
Espring__DE__B07V2B55JH,B07V2B55JH,Espring,DE,-0.03999999999999999,5,6
Espring__ES__B01LNDMWQC,B01LNDMWQC,Espring,ES,-0.04167938931297708,7,-1
H&S__UK__B01K1135UO,B01K1135UO,H&S,UK,3.9017880349393674e-05,7,8
Espring__DE__B01NCB0U5K,B01NCB0U5K,Espring,DE,-0.06796996374935266,1,-1
H&S__US__B01N3UZDFH,B01N3UZDFH,H&S,US,-0.0501552066891647,5,7
Espring__ES__B01HXOSRYG,B01HXOSRYG,Espring,ES,-0.6912291933418693,1,-1
H&S__ES__B07RSR4B12,B07RSR4B12,H&S,ES,0.0,7,8
Espring__ES__B08DJ4WZWQ,B08DJ4WZWQ,Espring,ES,-0.0,3,-1
Espring__DE__B07TLVG7ZP,B07TLVG7ZP,Espring,DE,0.9473684210526319,7,8
H&S__PL__B07DZHXPL6,B07DZHXPL6,H&S,PL,0.12452955674655648,3,-1
Espring__IT__B019XTF03U,B019XTF03U,Espring,IT,-0.00702702702702688,1,-1
H&S__UK__B07CPD18VZ,B07CPD18VZ,H&S,UK,-0.02062570216533435,3,3
H&S__UK__B07BMZGV4Z,B07BMZGV4Z,H&S,UK,-0.01196437935940813,2,-1
H&S__DE__B072LXQPCH,B072LXQPCH,H&S,DE,0.046406052963430075,6,-1
Tritart__DE__B083DHG56N,B083DHG56N,Tritart,DE,0.021949286846275753,0,5
Tritart__DE__B07V2NRTWB,B07V2NRTWB,Tritart,DE,-0.1250000000000001,0,5
H&S__ES__B07PPM6WDZ,B07PPM6WDZ,H&S,ES,-0.02851296043656211,0,5
Espring__ES__B07TC4YGQ8,B07TC4YGQ8,Espring,ES,-0.8237783375314854,7,-1
H&S__ES__B07DW7R9V8,B07DW7R9V8,H&S,ES,-0.0,6,2
Tritart__DE__B07DJQ81QT,B07DJQ81QT,Tritart,DE,-0.04237612397168547,0,5
H&S__US__B07RF6S3K3,B07RF6S3K3,H&S,US,0.06535352583333333,3,3
H&S__US__B07JHGCQPR,B07JHGCQPR,H&S,US,-0.1047827157580645,0,5
H&S__UK__B07G57DPXZ,B07G57DPXZ,H&S,UK,0.0025661701486033722,7,8
H&S__ES__B07S5KW5WQ,B07S5KW5WQ,H&S,ES,0.0,2,-1
H&S__IT__B016AHAPJC,B016AHAPJC,H&S,IT,-0.5976810239447765,5,7
Espring__IT__B01G488QPC,B01G488QPC,Espring,IT,-0.05141666666666658,1,4
Espring__ES__B093SYNCB3,B093SYNCB3,Espring,ES,-1.2406488549618313,4,0
H&S__IT__B07DPTK7FG,B07DPTK7FG,H&S,IT,-6.183076499363297e-32,1,4
Espring__DE__B07X2L2YSH,B07X2L2YSH,Espring,DE,0.008301130671246612,4,0
Espring__DE__B0872XDGWW,B0872XDGWW,Espring,DE,3.285714285714285,1,1
Espring__ES__B07PXT4CKX,B07PXT4CKX,Espring,ES,-0.048342961386439696,4,0
Tritart__DE__B07VYSC1NR,B07VYSC1NR,Tritart,DE,-0.0,0,5
H&S__DE__B01M7RJXEE,B01M7RJXEE,H&S,DE,-0.3444272445820434,5,7
H&S__UK__B07FMDHYCK,B07FMDHYCK,H&S,UK,-0.03758909300327166,4,-1
H&S__US__B078X4KLL3,B078X4KLL3,H&S,US,-0.03833627129032257,5,-1
H&S__US__B01NATTRD3,B01NATTRD3,H&S,US,-0.0012629171058171967,7,-1
H&S__US__B01K0YPWEY,B01K0YPWEY,H&S,US,-0.08824471560005583,7,8
H&S__ES__B07N8BLMZ7,B07N8BLMZ7,H&S,ES,-5.882076130472366e-32,2,-1
H&S__ES__B00C01Z4BC,B00C01Z4BC,H&S,ES,-2.856492255229928e-32,3,-1
H&S__DE__B07CHDHCMR,B07CHDHCMR,H&S,DE,0.3538043478260869,3,-1
Espring__DE__B09M77GSNH,B09M77GSNH,Espring,DE,-0.17857142857142858,6,2
Espring__ES__B08NDVT5TR,B08NDVT5TR,Espring,ES,-0.0,1,4
Tritart__UK__B082KJ7M34,B082KJ7M34,Tritart,UK,0.030219055434782545,0,5
H&S__DE__B078PYYXBH,B078PYYXBH,H&S,DE,0.3166666666666665,0,5
H&S__ES__B07FMDHYCK,B07FMDHYCK,H&S,ES,-3.790013759742869e-32,4,-1
Espring__ES__B01JA6LPJE,B01JA6LPJE,Espring,ES,-0.018735177984976013,4,0
Espring__DE__B09GY9XQ76,B09GY9XQ76,Espring,DE,-0.11379800853485088,4,0
Espring__DE__B01JIVXOUO,B01JIVXOUO,Espring,DE,0.05299888742793563,2,-1
Espring__DE__B01JIVXOUO,B01JIVXOUO,Espring,DE,0.05299888742793563,2,-1
H&S__IT__B01MRVUOAB,B01MRVUOAB,H&S,IT,1.5799999999999992,1,-1
H&S__IT__B0791GDKBP,B0791GDKBP,H&S,IT,-0.0,2,-1
H&S__IT__B06Y4JMTWV,B06Y4JMTWV,H&S,IT,-2.9251745259144916e-31,2,-1
H&S__US__B07QV6S7N3,B07QV6S7N3,H&S,US,-0.01903407097761193,1,4
Espring__ES__B014TDD94W,B014TDD94W,Espring,ES,-0.0017665550468119917,4,0
Tritart__DE__B08Q3PLB3F,B08Q3PLB3F,Tritart,DE,-0.07979539641943728,0,5
H&S__UK__B00TY2O8QC,B00TY2O8QC,H&S,UK,-0.01002944077106252,7,-1
Espring__ES__B01LWJRCVJ,B01LWJRCVJ,Espring,ES,-0.04702894088669945,7,8
Espring__ES__B01HFJEZ68,B01HFJEZ68,Espring,ES,-1.5099682539682555,2,9
Espring__US__B08J45NYBM,B08J45NYBM,Espring,US,0.08418703481538453,5,-1
H&S__ES__B00FAZ6L4Y,B00FAZ6L4Y,H&S,ES,0.0,0,5
Espring__PL__B01LWJRCVJ,B01LWJRCVJ,Espring,PL,0.04997955327272713,7,8
Tritart__DE__B07WDCV13B,B07WDCV13B,Tritart,DE,-0.2884579870729455,0,5
H&S__ES__B071WJFD25,B071WJFD25,H&S,ES,-0.7555555555555556,1,4
Espring__DE__B0847SXNVQ,B0847SXNVQ,Espring,DE,0.15725720384204905,0,5
Espring__DE__B08J45NYBM,B08J45NYBM,Espring,DE,1.552226720647773,5,-1
Espring__UK__B01HXX8RVA,B01HXX8RVA,Espring,UK,-0.13664763472262625,1,4
H&S__IT__B06Y4S6ZCP,B06Y4S6ZCP,H&S,IT,-1.4371794871794863,1,4
Espring__DE__B07QC7DM54,B07QC7DM54,Espring,DE,-0.18232044198895037,0,5
H&S__US__B07BMZGV4Z,B07BMZGV4Z,H&S,US,-1.841257379617979,2,9
Espring__DE__B01LAUQ91M,B01LAUQ91M,Espring,DE,-0.11658058395699376,1,1
H&S__UK__B06Y6F2W4Z,B06Y6F2W4Z,H&S,UK,0.0074425960214619296,1,1
H&S__DE__B071WJFD25,B071WJFD25,H&S,DE,0.4163461538461537,1,-1
H&S__UK__B07GTF236R,B07GTF236R,H&S,UK,-0.003943267809730308,4,0
Espring__DE__B06X6G3FP1,B06X6G3FP1,Espring,DE,-0.24578904333605867,0,5
H&S__IT__B07RLJBB1N,B07RLJBB1N,H&S,IT,0.0,6,2
H&S__DE__B01LMKPSGM,B01LMKPSGM,H&S,DE,-3.7153855903581645e-32,0,5
H&S__UK__B07CNDR86T,B07CNDR86T,H&S,UK,-0.0027750493244877777,6,-1
Espring__DE__B084VT3XM3,B084VT3XM3,Espring,DE,-0.5155417406749556,2,-1
H&S__DE__B01JXX9960,B01JXX9960,H&S,DE,-7.198944934919373e-33,7,8
Espring__DE__B07T9JV9KP,B07T9JV9KP,Espring,DE,-0.1956521739130434,2,-1
Espring__DE__B08D6GMSG1,B08D6GMSG1,Espring,DE,-0.0623737373737374,2,-1
H&S__DE__B07JZD2S4S,B07JZD2S4S,H&S,DE,-0.10593220338983071,0,5
H&S__US__B06Y51KHKW,B06Y51KHKW,H&S,US,0.0570556326226416,6,2
Espring__DE__B01BH6XFG6,B01BH6XFG6,Espring,DE,-0.1261088242690561,0,5
Espring__ES__B07SNF9BKP,B07SNF9BKP,Espring,ES,-0.7777777777777772,1,1
Tritart__IT__B07WFHKFCN,B07WFHKFCN,Tritart,IT,0.17123383432366301,0,5
H&S__PL__B07GKV4789,B07GKV4789,H&S,PL,0.18131305546875004,4,-1
H&S__DE__B06WD53P6D,B06WD53P6D,H&S,DE,0.0,3,-1
Espring__DE__B01HFJEZ68,B01HFJEZ68,Espring,DE,6.131052857306023e-31,2,9
H&S__ES__B01MRVUOAB,B01MRVUOAB,H&S,ES,-0.07326203208556131,1,-1
H&S__UK__B00BVG3JMS,B00BVG3JMS,H&S,UK,-0.004047149211304138,5,-1
H&S__UK__B00BVG3JMS,B00BVG3JMS,H&S,UK,-0.004047149211304138,5,-1
H&S__DE__B07GKV4789,B07GKV4789,H&S,DE,-0.11731528482797511,4,-1
H&S__US__B06Y4S6ZCP,B06Y4S6ZCP,H&S,US,0.1741816130778817,1,4
H&S__UK__B071WJFD25,B071WJFD25,H&S,UK,-0.032052183772927595,1,4
H&S__UK__B07GKV4789,B07GKV4789,H&S,UK,-0.02613097781528173,4,-1
H&S__DE__B07GTRCT4Z,B07GTRCT4Z,H&S,DE,-1.0001780382488265e-31,5,7
Tritart__DE__B072HKHJJS,B072HKHJJS,Tritart,DE,-0.002804717331801448,2,-1
H&S__IT__B0788Z6RBV,B0788Z6RBV,H&S,IT,-0.024664279319606096,0,5
Tritart__DE__B07XYX7Y43,B07XYX7Y43,Tritart,DE,0.0454810495626821,0,5
Espring__US__B071W1B6L3,B071W1B6L3,Espring,US,0.118179416076923,4,0
Espring__IT__B08FDXN154,B08FDXN154,Espring,IT,0.12547169811320802,2,-1
Espring__US__B07TTMNMLP,B07TTMNMLP,Espring,US,-0.2812155132574678,4,0
H&S__IT__B07JHGCQPR,B07JHGCQPR,H&S,IT,2.4729303488931403e-32,0,5
Espring__DE__B07PXT4CKX,B07PXT4CKX,Espring,DE,-0.006108656095658948,4,0
H&S__US__B06XY55WTJ,B06XY55WTJ,H&S,US,-0.2274971522286848,5,7
H&S__IT__B074VWN2SN,B074VWN2SN,H&S,IT,0.0,1,4
H&S__IT__B07DW2WX4N,B07DW2WX4N,H&S,IT,0.0,0,5
H&S__ES__B00TY1HA18,B00TY1HA18,H&S,ES,1.211075529247879e-31,7,8
H&S__DE__B078X5N2K1,B078X5N2K1,H&S,DE,-0.02813923581595062,6,-1
Espring__ES__B0857K4ZDQ,B0857K4ZDQ,Espring,ES,0.0,0,5
H&S__DE__B01M2Y5TFQ,B01M2Y5TFQ,H&S,DE,-0.012496945716515209,2,9
H&S__IT__B06WD53P6D,B06WD53P6D,H&S,IT,-0.0,3,-1
Espring__IT__B014TDD94W,B014TDD94W,Espring,IT,-0.02126377663482733,4,0
Tritart__DE__B07WHHH7CY,B07WHHH7CY,Tritart,DE,0.033136613765053016,0,5
H&S__DE__B016CQV2E8,B016CQV2E8,H&S,DE,-0.032421874999999996,5,7
Espring__IT__B019XSNG96,B019XSNG96,Espring,IT,-0.21691176470588253,2,-1
Espring__ES__B07V3FWL34,B07V3FWL34,Espring,ES,-0.6122123893805314,5,6
Espring__US__B08B8GDLSH,B08B8GDLSH,Espring,US,-0.6344159213333336,1,-1
H&S__ES__B072BBQ3M5,B072BBQ3M5,H&S,ES,-9.84179464774121e-32,1,4
H&S__DE__B07RF6S3K3,B07RF6S3K3,H&S,DE,-0.0,3,3
H&S__UK__B06Y4XSC22,B06Y4XSC22,H&S,UK,-0.004601830265850795,4,-1
H&S__IT__B07JWL5DHB,B07JWL5DHB,H&S,IT,-0.2660142348754449,2,-1
Espring__IT__B07GPPQKCK,B07GPPQKCK,Espring,IT,-0.09802504365603311,2,9
H&S__IT__B01M7RJXEE,B01M7RJXEE,H&S,IT,-1.506256171236113e-30,5,7
H&S__US__B016JQDRNU,B016JQDRNU,H&S,US,-0.03584691710144257,2,9
Tritart__DE__B07WHJ3D89,B07WHJ3D89,Tritart,DE,0.11505376344086019,0,5
H&S__US__B072BBQ3M5,B072BBQ3M5,H&S,US,-0.019627388934398547,1,4
Espring__DE__B01MSMAO37,B01MSMAO37,Espring,DE,-0.13695575636662366,0,5
H&S__IT__B07D72GCWP,B07D72GCWP,H&S,IT,-0.18518518518518515,0,5
H&S__DE__B073TRQQQT,B073TRQQQT,H&S,DE,0.0,7,-1
H&S__DE__B01M8K6DZ2,B01M8K6DZ2,H&S,DE,-0.0,5,6
H&S__US__B07RQJJ9VX,B07RQJJ9VX,H&S,US,-0.05737969921406986,0,5
H&S__ES__B06Y4S6ZCP,B06Y4S6ZCP,H&S,ES,-0.051058014824630384,1,4
Espring__ES__B07TC51TS9,B07TC51TS9,Espring,ES,-2.1428571428571432,7,-1
H&S__UK__B01LMKPSGM,B01LMKPSGM,H&S,UK,0.016877753041957082,0,5
H&S__DE__B07DPTK7FG,B07DPTK7FG,H&S,DE,9.390105365906711e-32,1,4
Espring__US__B01CGDQMDM,B01CGDQMDM,Espring,US,0.0050530389537261815,6,2
Espring__IT__B01I9P24BK,B01I9P24BK,Espring,IT,-0.014132231404958711,4,0
Espring__DE__B088RHXFJ4,B088RHXFJ4,Espring,DE,-0.04394531249999998,7,8
Espring__UK__B01BH6XFG6,B01BH6XFG6,Espring,UK,-0.06261944895348831,0,5
H&S__US__B07D26LYLH,B07D26LYLH,H&S,US,0.4306742786242427,4,-1
H&S__UK__B07DLMXHM1,B07DLMXHM1,H&S,UK,-0.051319442740590686,2,9
H&S__UK__B01MCT751U,B01MCT751U,H&S,UK,0.002170024078804163,1,4
H&S__UK__B018OMJGCS,B018OMJGCS,H&S,UK,-0.0002475234414049123,4,0
Espring__ES__B01BH6XFG6,B01BH6XFG6,Espring,ES,0.06603773584905642,0,5
H&S__UK__B017GLWKXK,B017GLWKXK,H&S,UK,0.00270425809150147,7,8
Espring__DE__B01HBA2IM4,B01HBA2IM4,Espring,DE,-0.001531188598534128,5,-1
H&S__US__B071WJFD25,B071WJFD25,H&S,US,-1.0213169259444441,1,-1
H&S__IT__B07W51S61C,B07W51S61C,H&S,IT,0.0,0,5
Espring__UK__B0857K4H2V,B0857K4H2V,Espring,UK,0.031178456195965737,0,5
Espring__DE__B07PPT27PH,B07PPT27PH,Espring,DE,0.08058415633536459,0,5
Espring__DE__B07X3KHZFV,B07X3KHZFV,Espring,DE,-1.7319019080652662e-31,4,0
H&S__UK__B01648O8CM,B01648O8CM,H&S,UK,-0.014015364605692965,4,0
H&S__UK__B01648O8CM,B01648O8CM,H&S,UK,-0.014015364605692965,4,0
H&S__IT__B00C13AZEA,B00C13AZEA,H&S,IT,0.053925429959301566,4,0
H&S__IT__B00FHGCK32,B00FHGCK32,H&S,IT,-0.060315315315315324,7,8
Tritart__ES__B074SXX9J9,B074SXX9J9,Tritart,ES,0.0,0,5
Espring__ES__B01M717W8W,B01M717W8W,Espring,ES,0.0,6,2
Tritart__DE__B092PW7WF9,B092PW7WF9,Tritart,DE,0.22881355932203387,0,5
H&S__US__B07JHNHW2K,B07JHNHW2K,H&S,US,-0.041560993286959766,1,4
H&S__UK__B07GTRCT4Z,B07GTRCT4Z,H&S,UK,-0.0010660257523680296,5,7
Espring__DE__B07ZP7C22T,B07ZP7C22T,Espring,DE,0.30769230769230765,1,4
Espring__DE__B01GK3YTG6,B01GK3YTG6,Espring,DE,-0.06615585871799666,5,-1
Tritart__ES__B07WFHKFCN,B07WFHKFCN,Tritart,ES,0.17768595041322302,0,5
H&S__IT__B00K1Q9HIE,B00K1Q9HIE,H&S,IT,0.0,6,2
Tritart__DE__B08FQWZDQP,B08FQWZDQP,Tritart,DE,-0.10081348053457298,0,5
Espring__DE__B018ASUHVU,B018ASUHVU,Espring,DE,-9.547164089363497e-33,1,1
H&S__UK__B07D25PJS4,B07D25PJS4,H&S,UK,-0.04785577383851921,6,-1
Tritart__DE__B07NTY3D93,B07NTY3D93,Tritart,DE,-0.09069767441860466,1,4
H&S__ES__B0721JH8PH,B0721JH8PH,H&S,ES,-0.8999999999999994,2,-1
Espring__DE__B07TQSP4Y5,B07TQSP4Y5,Espring,DE,-0.09707686755683867,1,1
Espring__ES__B07SYKTLG9,B07SYKTLG9,Espring,ES,0.0,4,0
H&S__IT__B07RSR4B12,B07RSR4B12,H&S,IT,0.0,7,8
Espring__DE__B08DJ4WZWQ,B08DJ4WZWQ,Espring,DE,-0.060062325963856564,3,-1
H&S__UK__B07CHDHCMR,B07CHDHCMR,H&S,UK,0.06015768436197095,3,-1
Espring__IT__B01CGDQMDM,B01CGDQMDM,Espring,IT,-0.5493827160493833,6,2
Espring__US__B07TMN2NY5,B07TMN2NY5,Espring,US,-0.12568879360919533,1,1
H&S__UK__B00BBL0OPS,B00BBL0OPS,H&S,UK,-0.0653609436812364,0,5
H&S__DE__B00BVG3JMS,B00BVG3JMS,H&S,DE,-6.751163427282379e-31,5,-1
Espring__DE__B07WZGLMMN,B07WZGLMMN,Espring,DE,0.005675771550195112,4,0
H&S__UK__B06Y4ND4LX,B06Y4ND4LX,H&S,UK,0.004435517899729481,1,1
Espring__IT__B07PXT4CKX,B07PXT4CKX,Espring,IT,-0.06504065040650397,4,0
Tritart__DE__B092D6LYT3,B092D6LYT3,Tritart,DE,-0.24822640345465774,0,5
Espring__DE__B07PRQTQ8H,B07PRQTQ8H,Espring,DE,-7.356643281117743e-32,2,9
H&S__DE__B00FHGGUT2,B00FHGGUT2,H&S,DE,-0.005427901524032811,7,8
H&S__ES__B017GLWKXK,B017GLWKXK,H&S,ES,-0.009426708341238847,7,8
Espring__ES__B019Y5U1G4,B019Y5U1G4,Espring,ES,-0.0,2,9
Espring__DE__B01IHT0V18,B01IHT0V18,Espring,DE,-0.1295387634936212,2,-1
Espring__DE__B01IHT0V18,B01IHT0V18,Espring,DE,-0.1295387634936212,2,-1
Espring__ES__B01LW463CQ,B01LW463CQ,Espring,ES,-0.02893368010403122,5,6
H&S__US__B01MY6R11P,B01MY6R11P,H&S,US,-0.00914829744503582,6,2
Espring__DE__B07V4G6K18,B07V4G6K18,Espring,DE,0.10714285714285716,5,6
H&S__UK__B01M8K6DZ2,B01M8K6DZ2,H&S,UK,-0.04345267860756679,5,-1
H&S__IT__B00C13AZFE,B00C13AZFE,H&S,IT,1.4454037982209047e-30,4,0
H&S__DE__B016KSQ5F4,B016KSQ5F4,H&S,DE,0.07311072056238997,5,7
Espring__IT__B01IRAN2R2,B01IRAN2R2,Espring,IT,-0.01262839879154077,4,0
H&S__UK__B073TRQQQT,B073TRQQQT,H&S,UK,-0.0020079096527314028,7,8
Espring__ES__B07TQSP4Y5,B07TQSP4Y5,Espring,ES,0.0,1,1
Espring__DE__B07V5GJ2QR,B07V5GJ2QR,Espring,DE,-0.0,5,-1
Espring__DE__B07RLM8RRX,B07RLM8RRX,Espring,DE,-0.10934844192634571,5,6
Espring__IT__B01HBA2IM4,B01HBA2IM4,Espring,IT,-0.04331210191082807,5,-1
Espring__DE__B07V6LGKXG,B07V6LGKXG,Espring,DE,-0.22483352918135519,5,6
H&S__DE__B073ZQFKV4,B073ZQFKV4,H&S,DE,0.07686335403726707,3,3
Espring__DE__B07QVZWD4W,B07QVZWD4W,Espring,DE,2.3852214375261997e-32,2,9
H&S__ES__B07D72GCWP,B07D72GCWP,H&S,ES,-0.0,0,5
Espring__US__B07NVDQCKB,B07NVDQCKB,Espring,US,-0.1387566420588235,4,0
Espring__DE__B0847TF6T1,B0847TF6T1,Espring,DE,-0.08490566037735854,0,5
H&S__ES__B01N8XWTUI,B01N8XWTUI,H&S,ES,0.0,5,-1
Espring__ES__B07QVZWD4W,B07QVZWD4W,Espring,ES,0.0,2,9
H&S__IT__B06Y2MZH39,B06Y2MZH39,H&S,IT,0.0,2,-1
Espring__DE__B07T5CJDQ7,B07T5CJDQ7,Espring,DE,-0.1102040816326531,7,-1
Espring__DE__B07V6LYQKK,B07V6LYQKK,Espring,DE,0.013629283489096691,5,6
Espring__ES__B08ZCFXZ4H,B08ZCFXZ4H,Espring,ES,0.0549999999999997,5,7
Tritart__PL__B07SWX3J6S,B07SWX3J6S,Tritart,PL,0.0,0,5
Tritart__DE__B08Q3MTGFH,B08Q3MTGFH,Tritart,DE,-0.02480503200470364,0,5
Espring__DE__B01JA6LPJE,B01JA6LPJE,Espring,DE,-0.21512043409211223,4,0
H&S__DE__B07GBK5SQL,B07GBK5SQL,H&S,DE,-0.1578177897089713,2,-1
Tritart__IT__B07YSCWK2F,B07YSCWK2F,Tritart,IT,-0.06571428571428584,0,5
H&S__DE__B07WTXZ2JC,B07WTXZ2JC,H&S,DE,-3.3068650008396e-32,1,4
H&S__UK__B01JXX9960,B01JXX9960,H&S,UK,-0.002164617444314171,7,8
H&S__US__B07RSR4B12,B07RSR4B12,H&S,US,-0.00014403810326091184,7,8
H&S__UK__B07DPTK7FG,B07DPTK7FG,H&S,UK,-0.012717922130744014,1,4
Tritart__US__B083KBDRSW,B083KBDRSW,Tritart,US,-0.12800173349242422,1,4
H&S__UK__B07GN1J9RV,B07GN1J9RV,H&S,UK,0.00712525280544295,2,-1
Espring__ES__B0144EOR7E,B0144EOR7E,Espring,ES,-0.32232558139534867,2,9
H&S__US__B06XVJL3NP,B06XVJL3NP,H&S,US,-0.37527588042999654,6,2
Espring__US__B01JA6LPJE,B01JA6LPJE,Espring,US,-0.2444687765142274,4,0
H&S__ES__B016JQDRNU,B016JQDRNU,H&S,ES,-0.08902759526938227,2,9
H&S__US__B07N8BLMZ7,B07N8BLMZ7,H&S,US,-0.021469755996347237,2,-1
Espring__DE__B01MRE01HV,B01MRE01HV,Espring,DE,-0.40508628519527706,5,-1
Tritart__ES__B07SWX3J6S,B07SWX3J6S,Tritart,ES,0.07999999999999996,0,5
Espring__US__B01HBA2IM4,B01HBA2IM4,Espring,US,-0.011397436872678744,5,-1
Espring__DE__B01MQWUQZH,B01MQWUQZH,Espring,DE,0.19100152516522623,1,-1
H&S__ES__B07KV8NYBN,B07KV8NYBN,H&S,ES,6.243485936822171e-32,0,5
H&S__UK__B078PY739S,B078PY739S,H&S,UK,-0.017092785430492405,0,5
H&S__DE__B06Y2MZH39,B06Y2MZH39,H&S,DE,-0.217602265868041,2,-1
Espring__DE__B07YZCZLW5,B07YZCZLW5,Espring,DE,-0.16163110805230557,5,7
H&S__US__B078X5N2K1,B078X5N2K1,H&S,US,-0.09556415100456403,6,-1
Espring__DE__B093SYNCB3,B093SYNCB3,Espring,DE,-0.3259238376127689,4,0
H&S__DE__B016JQDRNU,B016JQDRNU,H&S,DE,-0.039174189089966754,2,9
Espring__US__B014TDD6OU,B014TDD6OU,Espring,US,-0.19713717768727268,2,9
Espring__IT__B015H6NFPS,B015H6NFPS,Espring,IT,0.0,2,-1
Espring__DE__B01K4R2FWY,B01K4R2FWY,Espring,DE,0.025887573964496993,1,1
Espring__US__B07TQSP4Y5,B07TQSP4Y5,Espring,US,0.8061351826373057,1,1
Espring__US__B01JA9T2N2,B01JA9T2N2,Espring,US,-0.21502801505648192,7,8
Espring__DE__B0727Q3H5D,B0727Q3H5D,Espring,DE,-0.1907090464547676,2,-1
H&S__IT__B07G57DPXZ,B07G57DPXZ,H&S,IT,0.0,7,-1
Tritart__DE__B08Q45WM7G,B08Q45WM7G,Tritart,DE,-1.457307351638619,0,5
Espring__US__B01HXOSRYG,B01HXOSRYG,Espring,US,-0.0002851326087319937,1,1
H&S__IT__B01MSWD3MC,B01MSWD3MC,H&S,IT,0.0,1,-1
H&S__US__B07J5SM2HC,B07J5SM2HC,H&S,US,0.13392625886691387,4,0
H&S__ES__B07JZD2S4S,B07JZD2S4S,H&S,ES,-0.2812500000000003,0,5
H&S__UK__B01LW0UMHZ,B01LW0UMHZ,H&S,UK,-0.006373352867617126,5,7
Espring__UK__B01CGDQMDM,B01CGDQMDM,Espring,UK,-1.0049168189536344,6,-1
Espring__DE__B0875PQLS9,B0875PQLS9,Espring,DE,-0.37909289352413317,2,-1
Espring__DE__B01J3WOZ4M,B01J3WOZ4M,Espring,DE,-0.018312152552506705,1,4
Espring__DE__B01J3WOZ4M,B01J3WOZ4M,Espring,DE,-0.018312152552506705,1,4
Espring__DE__B019XU7QLS,B019XU7QLS,Espring,DE,-0.08870967741935486,2,-1
Espring__ES__B01I9P24BK,B01I9P24BK,Espring,ES,-0.036411483253588534,4,0
Espring__IT__B01J7YPHCU,B01J7YPHCU,Espring,IT,-1.4142314540059344,2,9
H&S__IT__B07DZHXPL6,B07DZHXPL6,H&S,IT,0.0,1,-1
H&S__US__B017GLWKXK,B017GLWKXK,H&S,US,-0.0005435356800000475,7,8
H&S__IT__B01NATTRD3,B01NATTRD3,H&S,IT,-1.4999999999999996,7,-1
H&S__ES__B07KV8ZB91,B07KV8ZB91,H&S,ES,1.238748939680903e-31,0,5
H&S__DE__B01MRVUOAB,B01MRVUOAB,H&S,DE,-0.05764571962289484,3,-1
H&S__UK__B07TN75FC1,B07TN75FC1,H&S,UK,0.0008268249146641435,5,-1
Espring__DE__B0857K4H2V,B0857K4H2V,Espring,DE,-0.15552099533437017,0,5
H&S__US__B06WD53P6D,B06WD53P6D,H&S,US,-0.030360067217391293,3,-1
Espring__DE__B09LVD47W6,B09LVD47W6,Espring,DE,1.0777135545640947e-31,5,6
Espring__IT__B07TMN2NY5,B07TMN2NY5,Espring,IT,0.49799999999999955,1,1
H&S__ES__B07M6PRNHG,B07M6PRNHG,H&S,ES,-0.026936026936026942,7,8
H&S__DE__B00TY2O8QC,B00TY2O8QC,H&S,DE,-0.018370607028753996,7,-1
Espring__DE__B08LL4V6MD,B08LL4V6MD,Espring,DE,0.0,2,-1
H&S__DE__B07TDLK5W3,B07TDLK5W3,H&S,DE,-0.1188379646337063,0,5
H&S__DE__B07PPM6WDZ,B07PPM6WDZ,H&S,DE,0.2359374999999999,0,5
Espring__DE__B017DIQL0O,B017DIQL0O,Espring,DE,-0.0361459434959964,2,-1
H&S__ES__B00BVUIVYU,B00BVUIVYU,H&S,ES,-0.09348511383537657,3,-1
Espring__ES__B014TDD6OU,B014TDD6OU,Espring,ES,-1.6189833162966653e-31,2,9
H&S__IT__B07CKHXWR9,B07CKHXWR9,H&S,IT,0.0,3,-1
H&S__IT__B07CKHXWR9,B07CKHXWR9,H&S,IT,0.0,3,-1
Espring__DE__B0847TJHB1,B0847TJHB1,Espring,DE,-3.0620771668833027e-31,0,5
H&S__IT__B07GZ9GH8T,B07GZ9GH8T,H&S,IT,4.303589060674609e-32,3,3
Espring__ES__B09BHPLJ35,B09BHPLJ35,Espring,ES,-1.079676258992806,2,-1
H&S__UK__B07W51S61C,B07W51S61C,H&S,UK,0.0005665572065159657,0,5
H&S__IT__B078PY739S,B078PY739S,H&S,IT,-0.35761589403973465,0,5
H&S__IT__B07CHDHCMR,B07CHDHCMR,H&S,IT,0.0,3,-1
H&S__DE__B072JVLVPM,B072JVLVPM,H&S,DE,-0.12068965517241374,7,8
H&S__UK__B06Y4JMTWV,B06Y4JMTWV,H&S,UK,-0.04488636115123134,2,-1
Espring__DE__B09LVD7TV4,B09LVD7TV4,Espring,DE,0.0,5,6
H&S__UK__B01N6RJ6VB,B01N6RJ6VB,H&S,UK,0.005489301415197163,7,-1
Espring__DE__B08FDXN154,B08FDXN154,Espring,DE,0.042802886441321776,2,-1
H&S__UK__B07DZ9L7KS,B07DZ9L7KS,H&S,UK,-0.07535288782384049,3,3
Espring__ES__B08ZCH8XBV,B08ZCH8XBV,Espring,ES,0.0,5,7
H&S__IT__B01NBTJL36,B01NBTJL36,H&S,IT,0.032786885245901655,7,-1
Tritart__DE__B08299Z7PM,B08299Z7PM,Tritart,DE,0.1428571428571429,0,5
H&S__US__B01M2Y5TFQ,B01M2Y5TFQ,H&S,US,-0.014209081405934609,2,9
H&S__PL__B016LHY28G,B016LHY28G,H&S,PL,0.08935479160000027,2,9
H&S__US__B06W2GK4N9,B06W2GK4N9,H&S,US,0.0024649612213487907,2,9
Espring__ES__B019DWX2Y6,B019DWX2Y6,Espring,ES,0.018941176470588194,3,3
H&S__DE__B01N3UZDFH,B01N3UZDFH,H&S,DE,-0.016494845360824746,5,7
H&S__DE__B01N3UZDFH,B01N3UZDFH,H&S,DE,-0.016494845360824746,5,7
H&S__UK__B07MVH416B,B07MVH416B,H&S,UK,0.004565172684115987,6,-1
Espring__DE__B07T7N8DP7,B07T7N8DP7,Espring,DE,-0.09239532896610649,7,8
H&S__UK__B01MSWD3MC,B01MSWD3MC,H&S,UK,0.00806011438812184,1,-1
H&S__UK__B0791GDKBP,B0791GDKBP,H&S,UK,-0.01223890765065858,2,-1
Espring__DE__B014TDD94W,B014TDD94W,Espring,DE,1.300299512810638e-31,4,0
H&S__IT__B01MY6R11P,B01MY6R11P,H&S,IT,0.022608695652174004,6,2
Espring__IT__B01HOA4J5K,B01HOA4J5K,Espring,IT,-0.08902922032959422,7,8
Espring__IT__B07V2B47V3,B07V2B47V3,Espring,IT,-1.8571428571428579,5,6
Espring__DE__B019XSNG96,B019XSNG96,Espring,DE,-0.016628500968821566,2,-1
Espring__DE__B019XSNG96,B019XSNG96,Espring,DE,-0.016628500968821566,2,-1
H&S__DE__B01K0YPWEY,B01K0YPWEY,H&S,DE,0.0,7,8
Espring__IT__B018ASUHVU,B018ASUHVU,Espring,IT,-0.03396278187986426,1,-1
Espring__ES__B07LB1FXB4,B07LB1FXB4,Espring,ES,-1.069672131147541,3,3
Espring__IT__B01FWEBV6K,B01FWEBV6K,Espring,IT,-1.1102230246251565e-16,6,2
H&S__DE__B07QV6S7N3,B07QV6S7N3,H&S,DE,0.05455868089233753,1,-1
H&S__IT__B072LXQPCH,B072LXQPCH,H&S,IT,-0.666666666666667,6,2
H&S__US__B07KV8ZB91,B07KV8ZB91,H&S,US,0.05474863188027491,0,5
H&S__US__B07TN75FC1,B07TN75FC1,H&S,US,-0.15685401677782673,5,-1
Espring__ES__B01K1ZD6HC,B01K1ZD6HC,Espring,ES,0.017339449541284416,2,-1
H&S__DE__B07DPRTTQ9,B07DPRTTQ9,H&S,DE,0.741931216931217,3,3
Espring__US__B07T83NWZ5,B07T83NWZ5,Espring,US,-0.09519952545164709,7,8
Espring__US__B0872XDGWW,B0872XDGWW,Espring,US,1.3298746588888886,1,1
H&S__DE__B01N8XWTUI,B01N8XWTUI,H&S,DE,-0.2191041554236372,5,-1
Espring__IT__B01ICXZED4,B01ICXZED4,Espring,IT,1.7927159075028393e-31,4,0
Espring__DE__B09LVCLKB2,B09LVCLKB2,Espring,DE,3.354979840905409e-32,5,6
H&S__DE__B01NBTJL36,B01NBTJL36,H&S,DE,0.018413395029337393,7,-1
Espring__DE__B07V3FZDD1,B07V3FZDD1,Espring,DE,0.13197969543147214,5,6
H&S__US__B0788Z6RBV,B0788Z6RBV,H&S,US,-0.10292671736067324,0,5
Espring__DE__B09WNXM8T7,B09WNXM8T7,Espring,DE,-0.19435530085959865,7,8
Espring__DE__B085F3767Z,B085F3767Z,Espring,DE,0.7064364207221351,0,5
H&S__UK__B00TY0BZ56,B00TY0BZ56,H&S,UK,-0.017653336191049293,4,-1
H&S__IT__B07QV6S7N3,B07QV6S7N3,H&S,IT,0.0,1,4
Espring__ES__B08CGYF2L5,B08CGYF2L5,Espring,ES,0.0,1,1
H&S__US__B072LXQPCH,B072LXQPCH,H&S,US,-0.009738943500000092,6,2
Espring__ES__B08ZC7KBXJ,B08ZC7KBXJ,Espring,ES,-0.0,5,7
H&S__US__B01N6RJ6VB,B01N6RJ6VB,H&S,US,-0.0130792581344246,7,-1
H&S__US__B01NAHVSFS,B01NAHVSFS,H&S,US,-0.021827656916666584,6,-1
Espring__DE__B01I1HQNFE,B01I1HQNFE,Espring,DE,0.12903225806451615,5,6
Espring__ES__B01HXX8RVA,B01HXX8RVA,Espring,ES,1.8233636397183465e-32,1,4
Espring__US__B01HFIOUJG,B01HFIOUJG,Espring,US,0.1689039651334146,4,0
H&S__DE__B07JWL5DHB,B07JWL5DHB,H&S,DE,-0.026530069185737103,2,-1
H&S__DE__B072BBQ3M5,B072BBQ3M5,H&S,DE,0.004716383894656868,1,4
H&S__UK__B01M2Z0O2H,B01M2Z0O2H,H&S,UK,-0.0018333604533058235,5,-1
H&S__UK__B07S5JTFYG,B07S5JTFYG,H&S,UK,-0.03484927512652861,2,-1
H&S__IT__B07TN75FC1,B07TN75FC1,H&S,IT,-1.802291104200235e-32,5,-1
H&S__DE__B017GLNHEG,B017GLNHEG,H&S,DE,0.051032050617155905,7,8
Espring__DE__B01G488QPC,B01G488QPC,Espring,DE,-0.11829036522888792,1,4
H&S__US__B00C1S9C4Y,B00C1S9C4Y,H&S,US,-0.02819127712508503,4,0
H&S__US__B01NBTJL36,B01NBTJL36,H&S,US,0.0360262864285712,7,-1
Espring__US__B08DJ4WZWQ,B08DJ4WZWQ,Espring,US,0.06530378472760369,3,-1
Espring__IT__B08LL4V6MD,B08LL4V6MD,Espring,IT,-0.0,2,9
Espring__IT__B08D6GR44H,B08D6GR44H,Espring,IT,0.0,2,9
H&S__DE__B07S5KW5WQ,B07S5KW5WQ,H&S,DE,-2.511555389314236e-31,2,-1
H&S__ES__B07GTF236R,B07GTF236R,H&S,ES,0.0,4,0
Espring__ES__B07V4G6K18,B07V4G6K18,Espring,ES,0.3887700534759357,5,6
H&S__ES__B016LHY28G,B016LHY28G,H&S,ES,-1.41950074199923e-31,2,9
Tritart__ES__B083KBDRSW,B083KBDRSW,Tritart,ES,-0.05769230769230786,1,4
H&S__US__B07DPRTTQ9,B07DPRTTQ9,H&S,US,-0.05515635225064608,3,3
H&S__DE__B07DW4QJX7,B07DW4QJX7,H&S,DE,0.0039062499999999974,0,5
Espring__IT__B071W1B6L3,B071W1B6L3,Espring,IT,-0.025635451505016765,4,0
Espring__ES__B019XSNG96,B019XSNG96,Espring,ES,-0.22114285714285722,2,-1
H&S__US__B07TQS7PDP,B07TQS7PDP,H&S,US,0.015731159285714374,0,5
H&S__US__B07TQS7PDP,B07TQS7PDP,H&S,US,0.015731159285714374,0,5
Espring__US__B08N18NFPW,B08N18NFPW,Espring,US,-0.023854426268439283,1,4
Tritart__ES__B07YSCWK2F,B07YSCWK2F,Tritart,ES,0.19784172661870503,0,5
Espring__ES__B01HFIONTS,B01HFIONTS,Espring,ES,0.5,5,7
H&S__IT__B07TQS7PDP,B07TQS7PDP,H&S,IT,0.0,0,5
Tritart__DE__B07WFHLD7G,B07WFHLD7G,Tritart,DE,-0.18823529411764708,0,5
Tritart__US__B073ZN6SH9,B073ZN6SH9,Tritart,US,-0.0031526730211937962,0,5
Espring__US__B09FLKHDTW,B09FLKHDTW,Espring,US,0.06011293906976727,2,9
H&S__IT__B016JQDRNU,B016JQDRNU,H&S,IT,-0.07793330588719645,2,9
Tritart__US__B085TLR7QG,B085TLR7QG,Tritart,US,0.013847431662903236,1,4
H&S__US__B01K1135UO,B01K1135UO,H&S,US,0.009395694599999869,7,8
H&S__IT__B07DW4QJX7,B07DW4QJX7,H&S,IT,-0.1762917933130699,0,5
Espring__DE__B01F7TT4I2,B01F7TT4I2,Espring,DE,0.026988636363636347,1,4
Espring__DE__B017L0A6K0,B017L0A6K0,Espring,DE,-0.32356637863315,0,5
Espring__US__B07TC4YGQ8,B07TC4YGQ8,Espring,US,-0.4982966525519818,7,8
H&S__ES__B06Y6F2W4Z,B06Y6F2W4Z,H&S,ES,0.022776572668112862,1,1
H&S__PL__B01MCT751U,B01MCT751U,H&S,PL,-0.0650277558333334,1,4
Espring__US__B098XFGXM4,B098XFGXM4,Espring,US,-0.01736774942540337,2,9
H&S__IT__B00TY2O8QC,B00TY2O8QC,H&S,IT,-0.0,7,-1
Espring__UK__B01JA6LPJE,B01JA6LPJE,Espring,UK,0.0,4,0
H&S__IT__B01MCT751U,B01MCT751U,H&S,IT,-4.738270935240329e-32,1,4
H&S__ES__B07J5SM2HC,B07J5SM2HC,H&S,ES,1.0283333333333329,4,0
H&S__US__B00BVG3JMS,B00BVG3JMS,H&S,US,-0.18941608080559366,5,7
Espring__IT__B01MQIXA4C,B01MQIXA4C,Espring,IT,0.0,0,5
H&S__IT__B07VNGCG2J,B07VNGCG2J,H&S,IT,0.0,0,5
H&S__ES__B078PYYXBH,B078PYYXBH,H&S,ES,0.4500000000000002,0,5
H&S__IT__B0721JH8PH,B0721JH8PH,H&S,IT,0.12666666666666657,2,-1
Espring__US__B019XSNG96,B019XSNG96,Espring,US,0.1573083856272401,2,9
H&S__UK__B07M6PRNHG,B07M6PRNHG,H&S,UK,0.0026562283212919857,7,8
Tritart__DE__B07VYRT4T5,B07VYRT4T5,Tritart,DE,-0.05428571428571427,0,5
H&S__ES__B01NBTJL36,B01NBTJL36,H&S,ES,-0.028964518464880507,7,-1
Tritart__DE__B07DGKQ896,B07DGKQ896,Tritart,DE,-0.008774659281847029,0,5
H&S__US__B00K1Q9HIE,B00K1Q9HIE,H&S,US,-0.14539151097311814,6,2
Tritart__DE__B07QQVMXW5,B07QQVMXW5,Tritart,DE,-0.1076759061833688,0,5
Espring__DE__B084BZWGHC,B084BZWGHC,Espring,DE,-0.18739448508722573,0,5
Espring__DE__B08B3V248T,B08B3V248T,Espring,DE,-0.3381109886071295,4,0
H&S__US__B07GN1J9RV,B07GN1J9RV,H&S,US,0.0,2,9
Espring__DE__B01MFI35BI,B01MFI35BI,Espring,DE,0.007941376570532638,5,7
Espring__UK__B01HOA4J5K,B01HOA4J5K,Espring,UK,-0.057076227345481234,7,8
Espring__US__B092JHRZ4H,B092JHRZ4H,Espring,US,0.027252560173210177,2,9
H&S__IT__B07GKV4789,B07GKV4789,H&S,IT,-1.454545454545454,4,-1
H&S__ES__B073TRQQQT,B073TRQQQT,H&S,ES,-0.0,7,8
H&S__DE__B01NATTRD3,B01NATTRD3,H&S,DE,-0.05913539967373574,7,-1
Espring__ES__B09HQWG145,B09HQWG145,Espring,ES,-0.12667903525046417,7,8
H&S__ES__B07TDLK5W3,B07TDLK5W3,H&S,ES,-0.08416030534351146,0,5
H&S__ES__B00BBL0OPS,B00BBL0OPS,H&S,ES,-0.7189655172413787,0,5
H&S__ES__B00BBL0OPS,B00BBL0OPS,H&S,ES,-0.7189655172413787,0,5
Espring__DE__B01H723G6S,B01H723G6S,Espring,DE,-0.14550264550264524,2,-1
H&S__IT__B017GLWKXK,B017GLWKXK,H&S,IT,-0.23777173913043453,7,8
Espring__ES__B01MA1M403,B01MA1M403,Espring,ES,0.0,3,3
Espring__ES__B01JA9T2N2,B01JA9T2N2,Espring,ES,-0.38207547169811307,7,8
Espring__DE__B07RLYF81N,B07RLYF81N,Espring,DE,-0.0023558758314855903,7,8
H&S__ES__B07CPD18VZ,B07CPD18VZ,H&S,ES,0.0,3,3
Espring__DE__B092D4P7SL,B092D4P7SL,Espring,DE,0.0,3,3
H&S__ES__B06WD53P6D,B06WD53P6D,H&S,ES,-0.0,1,-1
Tritart__PL__B08FQWZDQP,B08FQWZDQP,Tritart,PL,-0.16071218250000105,0,5
H&S__US__B07DW2WX4N,B07DW2WX4N,H&S,US,-0.3784644506904762,0,5
Espring__ES__B01LPSMHS8,B01LPSMHS8,Espring,ES,0.0,1,-1
H&S__UK__B07KV8ZB91,B07KV8ZB91,H&S,UK,-0.0016031860417450752,0,5
Espring__ES__B08NC1SV16,B08NC1SV16,Espring,ES,-8.520671623081129e-31,0,5
H&S__DE__B00FHGCK32,B00FHGCK32,H&S,DE,-0.010687022900763354,7,8
Espring__IT__B06X6G3FP1,B06X6G3FP1,Espring,IT,-1.089743589743589,0,5
H&S__PL__B074VWN2SN,B074VWN2SN,H&S,PL,-0.04615005978571418,1,4
H&S__IT__B07KV8NYBN,B07KV8NYBN,H&S,IT,-1.0847214092706236e-31,0,5
H&S__IT__B01648O8CM,B01648O8CM,H&S,IT,6.373781041455554e-18,4,0
Espring__US__B07Q4C2Y7K,B07Q4C2Y7K,Espring,US,4.5701491249999995,4,0
H&S__US__B01MSWBUX5,B01MSWBUX5,H&S,US,-0.10712729402261954,4,0
Espring__DE__B088RD39YR,B088RD39YR,Espring,DE,-0.32471264367816105,4,0
Espring__IT__B07QVZWD4W,B07QVZWD4W,Espring,IT,-1.4532319198423919e-31,2,9
Espring__DE__B08LDJBF86,B08LDJBF86,Espring,DE,-0.19528822920262337,2,9
Espring__DE__B01G6UPTUI,B01G6UPTUI,Espring,DE,0.0043947957141174995,2,9
H&S__ES__B01MSWBUX5,B01MSWBUX5,H&S,ES,0.009494929409425331,4,0
H&S__ES__B01MSWBUX5,B01MSWBUX5,H&S,ES,0.009494929409425331,4,0
H&S__US__B07G57DPXZ,B07G57DPXZ,H&S,US,0.028399036286462672,7,8
H&S__UK__B06XY55WTJ,B06XY55WTJ,H&S,UK,-0.010651949553826373,5,7
Espring__ES__B01MUSUMUS,B01MUSUMUS,Espring,ES,-1.2465007776049766,7,8
H&S__ES__B06XS97SKH,B06XS97SKH,H&S,ES,0.37058823529411766,6,2
Espring__US__B098XFYB62,B098XFYB62,Espring,US,-0.2785240720956791,2,9
H&S__US__B00FAZ6L4Y,B00FAZ6L4Y,H&S,US,0.3397710271828357,0,5
Espring__DE__B0857JRBR2,B0857JRBR2,Espring,DE,0.34782608695652173,0,5
H&S__UK__B07D72GCWP,B07D72GCWP,H&S,UK,-0.01054252337000003,0,5
Espring__US__B01JAAUA0U,B01JAAUA0U,Espring,US,0.035242671558145804,4,0
H&S__US__B00BVUIVYU,B00BVUIVYU,H&S,US,-0.1330955022416452,3,3
H&S__UK__B01M7RJXEE,B01M7RJXEE,H&S,UK,-0.031984864237824755,5,7
Tritart__ES__B0829BCTTX,B0829BCTTX,Tritart,ES,0.20034898477157342,0,5
Espring__ES__B0872W1YTK,B0872W1YTK,Espring,ES,-0.5000000000000001,1,1
Espring__IT__B01MQWUQZH,B01MQWUQZH,Espring,IT,0.0,1,-1
Tritart__DE__B07WHKPSYX,B07WHKPSYX,Tritart,DE,0.0388305847076461,0,5
H&S__US__B016KSQ5F4,B016KSQ5F4,H&S,US,0.12535257451283902,5,7
H&S__US__B00C13AZEA,B00C13AZEA,H&S,US,-0.11466067955395673,4,0
H&S__IT__B07DK6L9N7,B07DK6L9N7,H&S,IT,0.0,7,-1
Espring__DE__B08JCVX1WY,B08JCVX1WY,Espring,DE,6.380133503310055e-32,2,9
H&S__IT__B01LMKPSGM,B01LMKPSGM,H&S,IT,0.0,0,5
H&S__UK__B07RD69YX8,B07RD69YX8,H&S,UK,-0.0003086947378696873,2,3
H&S__IT__B07N8BLMZ7,B07N8BLMZ7,H&S,IT,-6.446361387314317e-32,2,-1
H&S__US__B071XNQZJ7,B071XNQZJ7,H&S,US,-0.11150894880136494,5,7
Espring__ES__B09LVD7TV4,B09LVD7TV4,Espring,ES,0.030000000000000145,5,6
Espring__IT__B0711HDC9L,B0711HDC9L,Espring,IT,0.10388665020148198,2,9
H&S__ES__B00C13AZEA,B00C13AZEA,H&S,ES,0.0413223140495868,4,0
H&S__UK__B07JHGCQPR,B07JHGCQPR,H&S,UK,-0.04727633302140528,0,5
H&S__UK__B06XVJL3NP,B06XVJL3NP,H&S,UK,-0.0028790623457719063,6,2
Espring__DE__B084BWY8FP,B084BWY8FP,Espring,DE,-0.4322876817138486,1,4
H&S__IT__B071LJBPNT,B071LJBPNT,H&S,IT,0.0,1,-1
H&S__IT__B00FAZ6L4Y,B00FAZ6L4Y,H&S,IT,0.052500000000000095,0,5
Tritart__DE__B083KBDRSW,B083KBDRSW,Tritart,DE,-0.03876024394892321,1,4
Espring__ES__B07QC7DM54,B07QC7DM54,Espring,ES,-0.4451937470393179,0,5
H&S__UK__B07CG63DK7,B07CG63DK7,H&S,UK,-0.001387086942201474,1,4
H&S__UK__B071XNQZJ7,B071XNQZJ7,H&S,UK,-0.06507005063936128,5,7
Espring__US__B08FDXN154,B08FDXN154,Espring,US,-0.0497565072731958,2,9
Espring__DE__B019XTF03U,B019XTF03U,Espring,DE,0.04621048072758771,1,-1
H&S__UK__B07S5KW5WQ,B07S5KW5WQ,H&S,UK,-0.015156733492939205,2,-1
Tritart__DE__B08Q42K5PK,B08Q42K5PK,Tritart,DE,-0.2454112848402448,0,5
Tritart__PL__B074SXX9J9,B074SXX9J9,Tritart,PL,-0.024917119333333446,0,5
H&S__DE__B07M6PRNHG,B07M6PRNHG,H&S,DE,-0.07227414330218068,7,-1
H&S__UK__B073ZQFKV4,B073ZQFKV4,H&S,UK,-0.0010440424376175613,2,-1
Espring__ES__B092R75512,B092R75512,Espring,ES,-2.676799999999997,3,3
Espring__UK__B01JA9T2N2,B01JA9T2N2,Espring,UK,-0.08060455075978655,7,8
Tritart__DE__B073WNN94R,B073WNN94R,Tritart,DE,-0.01961891296485057,3,-1
H&S__DE__B07CNDR86T,B07CNDR86T,H&S,DE,-0.0,6,2
Tritart__DE__B08Q47DRVR,B08Q47DRVR,Tritart,DE,6.236493043901527e-32,1,-1
Espring__DE__B07SNF9BKP,B07SNF9BKP,Espring,DE,-0.06498469075321493,1,1
Espring__ES__B01HFIOUJG,B01HFIOUJG,Espring,ES,0.14166666666666647,4,0
H&S__UK__B00BVUIVYU,B00BVUIVYU,H&S,UK,-0.02798359405072209,3,-1
Tritart__DE__B08Q46G2CG,B08Q46G2CG,Tritart,DE,0.0,0,5
H&S__UK__B06Y4ND43F,B06Y4ND43F,H&S,UK,-0.023778134876618163,1,1
Tritart__DE__B01LIQ82OA,B01LIQ82OA,Tritart,DE,-0.07068159156735197,0,5
H&S__ES__B07GTRCT4Z,B07GTRCT4Z,H&S,ES,0.0,5,7
Tritart__DE__B07PNX2XJF,B07PNX2XJF,Tritart,DE,0.2296,1,4
Espring__DE__B09LVD6J4C,B09LVD6J4C,Espring,DE,-0.0,5,6
Espring__IT__B01KKAWI72,B01KKAWI72,Espring,IT,-0.0314039408866996,6,2
Espring__IT__B01JA6LPJE,B01JA6LPJE,Espring,IT,-0.015586319218241027,4,0
Espring__DE__B07V3FWL34,B07V3FWL34,Espring,DE,-0.010960906101571005,5,6
H&S__US__B01MSWD3MC,B01MSWD3MC,H&S,US,-0.20522113154483806,1,-1
Tritart__ES__B07XMCL1C2,B07XMCL1C2,Tritart,ES,1.0610723229888884e-30,0,5
H&S__US__B07D72GCWP,B07D72GCWP,H&S,US,0.0826596883223845,0,5
Espring__US__B01JP1QDKU,B01JP1QDKU,Espring,US,-0.261062777165611,1,-1
H&S__ES__B0791GDKBP,B0791GDKBP,H&S,ES,-0.02346010748243078,2,-1
Espring__DE__B09BHRB99F,B09BHRB99F,Espring,DE,-0.19999999999999962,2,9
H&S__DE__B00C13AZEK,B00C13AZEK,H&S,DE,-0.0,4,0
H&S__DE__B07FMDHYCK,B07FMDHYCK,H&S,DE,2.1107139100993656e-31,4,-1
Espring__ES__B08ZC7T9FZ,B08ZC7T9FZ,Espring,ES,0.0,5,7
H&S__DE__B071LJBPNT,B071LJBPNT,H&S,DE,4.625360618015408e-32,1,4
Tritart__DE__B073ZN6SH9,B073ZN6SH9,Tritart,DE,-0.07910834656461793,0,5
Espring__DE__B01CGDQMDM,B01CGDQMDM,Espring,DE,0.04186483915600138,6,-1
Espring__ES__B01GK3YTG6,B01GK3YTG6,Espring,ES,-0.8376068376068377,5,-1
H&S__ES__B06Y4ND4LX,B06Y4ND4LX,H&S,ES,-1.0104273571237535e-31,1,1
H&S__US__B07GZ9GH8T,B07GZ9GH8T,H&S,US,-0.026234147725591603,3,3
H&S__DE__B016AHAPJC,B016AHAPJC,H&S,DE,-0.4872415425895722,5,7
H&S__IT__B00TY0BZ56,B00TY0BZ56,H&S,IT,-0.003906250000000002,4,0
Espring__DE__B08PFTKQRB,B08PFTKQRB,Espring,DE,-0.019999999999999987,0,5
H&S__DE__B07W51S61C,B07W51S61C,H&S,DE,-0.0897335627509255,0,5
Espring__DE__B0144EOR7E,B0144EOR7E,Espring,DE,-0.2802197802197803,2,9
Espring__DE__B07TC51TS9,B07TC51TS9,Espring,DE,-0.09886248222628473,7,8
Espring__ES__B09FLHCNMQ,B09FLHCNMQ,Espring,ES,9.619870786175867e-31,2,9
H&S__ES__B07CKHXWR9,B07CKHXWR9,H&S,ES,0.06265822784810135,3,-1
Espring__IT__B01IF16N8I,B01IF16N8I,Espring,IT,-0.024090909090909125,3,3
H&S__ES__B07DW2WX4N,B07DW2WX4N,H&S,ES,1.733263568993024e-31,0,5
Espring__ES__B071YVMZV4,B071YVMZV4,Espring,ES,-0.5488440860215057,2,9
Tritart__ES__B073D5CMT8,B073D5CMT8,Tritart,ES,0.0,0,5
Espring__IT__B01LAUQ91M,B01LAUQ91M,Espring,IT,-0.4138695652173906,1,-1
H&S__IT__B07JHNHW2K,B07JHNHW2K,H&S,IT,-0.01527224435590973,1,4
Espring__US__B088RHVC9K,B088RHVC9K,Espring,US,-0.007306569880952344,7,8
Espring__US__B071LHTNJP,B071LHTNJP,Espring,US,0.1990437558187498,2,9
Espring__DE__B09M76QR53,B09M76QR53,Espring,DE,-0.05550259965337941,6,2
H&S__IT__B016LHY28G,B016LHY28G,H&S,IT,0.0,2,9
H&S__DE__B07RLJBB1N,B07RLJBB1N,H&S,DE,-0.18326488706365507,6,2
H&S__US__B00NBCCR0A,B00NBCCR0A,H&S,US,-0.018696480331903683,1,-1
Espring__ES__B07TMN2NY5,B07TMN2NY5,Espring,ES,0.7631372549019604,1,1
H&S__ES__B07TN75FC1,B07TN75FC1,H&S,ES,-0.03502357579036861,5,-1
Espring__DE__B07SYKTLG9,B07SYKTLG9,Espring,DE,-0.01818181818181824,4,0
H&S__US__B07DW4QJX7,B07DW4QJX7,H&S,US,-0.40824626404772757,0,5
Tritart__DE__B08Q44G5ZH,B08Q44G5ZH,Tritart,DE,-0.003300330033003315,0,5
Espring__ES__B018I2NCBA,B018I2NCBA,Espring,ES,-0.11396702230843844,1,1
Espring__ES__B01IRAN2R2,B01IRAN2R2,Espring,ES,0.04324999999999997,4,0
H&S__DE__B016LHY28G,B016LHY28G,H&S,DE,-0.01895300500246599,2,-1
Espring__IT__B01HXVPJ68,B01HXVPJ68,Espring,IT,-0.0,6,2
Espring__DE__B08Z9ZD2ZY,B08Z9ZD2ZY,Espring,DE,-0.8750000000000012,2,-1
Tritart__DE__B07SWX3J6S,B07SWX3J6S,Tritart,DE,0.18415300546448082,0,5
H&S__DE__B01MCT751U,B01MCT751U,H&S,DE,0.010568466938692745,1,-1
Espring__ES__B01M8GI87J,B01M8GI87J,Espring,ES,-0.11002227171492178,1,-1
H&S__UK__B00TY1HA18,B00TY1HA18,H&S,UK,0.0025967226996304136,7,8
H&S__UK__B00TY1HA18,B00TY1HA18,H&S,UK,0.0025967226996304136,7,8
Espring__IT__B084BZWGHC,B084BZWGHC,Espring,IT,-0.03037844331931686,0,5
Espring__DE__B07TC4YGQ8,B07TC4YGQ8,Espring,DE,-0.058480057491915205,7,8
Espring__ES__B01ICXZED4,B01ICXZED4,Espring,ES,-0.010590692124105003,4,0
Espring__DE__B07TXKGRX7,B07TXKGRX7,Espring,DE,0.0,1,-1
H&S__IT__B07M6PRNHG,B07M6PRNHG,H&S,IT,-0.06278947368421055,7,8
H&S__ES__B00C1S9C4Y,B00C1S9C4Y,H&S,ES,-0.06795051161769954,4,0
H&S__US__B016CQV2E8,B016CQV2E8,H&S,US,-0.1092153540000002,5,7
H&S__US__B016CQV2E8,B016CQV2E8,H&S,US,-0.1092153540000002,5,7
Espring__ES__B09FLKHDTW,B09FLKHDTW,Espring,ES,-1.7456000000000025,2,9
Espring__IT__B08PFTKQRB,B08PFTKQRB,Espring,IT,0.9250000000000007,0,5
Espring__DE__B07PRRK9B1,B07PRRK9B1,Espring,DE,-2.0150596752568054e-31,2,9
Espring__ES__B098XFYB62,B098XFYB62,Espring,ES,0.006666666666667711,2,9
Tritart__DE__B074SXX9J9,B074SXX9J9,Tritart,DE,-0.017993464506709345,0,5
Tritart__DE__B07WFHKFCN,B07WFHKFCN,Tritart,DE,-0.4656832616267156,0,5
H&S__DE__B00C1S9C4Y,B00C1S9C4Y,H&S,DE,-0.04356141096472587,4,0
H&S__DE__B07CKHXWR9,B07CKHXWR9,H&S,DE,-0.733458646616542,3,-1
Espring__DE__B01HFIOUJG,B01HFIOUJG,Espring,DE,0.15698841698841692,4,0
H&S__IT__B00BVG3JMS,B00BVG3JMS,H&S,IT,-8.301229359992801e-31,5,7
Espring__ES__B09C8HV2R9,B09C8HV2R9,Espring,ES,-0.0038566552901024126,7,-1
Espring__ES__B08FDXN154,B08FDXN154,Espring,ES,-6.2232097635510495e-31,2,-1
Espring__DE__B07V6LNFZQ,B07V6LNFZQ,Espring,DE,-0.16197183098591553,5,6
Espring__DE__B08LL98VSZ,B08LL98VSZ,Espring,DE,-3.5790152709884697e-32,2,-1
Espring__DE__B07WPW5TGJ,B07WPW5TGJ,Espring,DE,0.012291876187283472,4,0
Espring__IT__B01HMJ2LQW,B01HMJ2LQW,Espring,IT,-0.13159408244680842,0,5
Tritart__DE__B08Q46SPCB,B08Q46SPCB,Tritart,DE,-0.14845605700712597,0,5
Espring__IT__B01GK3YTG6,B01GK3YTG6,Espring,IT,-0.0,5,6
H&S__US__B00MVG3X6Y,B00MVG3X6Y,H&S,US,-0.007010908518841197,0,5
Tritart__DE__B082KJ7M34,B082KJ7M34,Tritart,DE,-0.011578094245687214,0,5
Espring__DE__B07TP1ZMVN,B07TP1ZMVN,Espring,DE,0.11739130434782609,7,8
H&S__UK__B07J5SM2HC,B07J5SM2HC,H&S,UK,-0.011174627375018164,4,0
H&S__UK__B01N8XWTUI,B01N8XWTUI,H&S,UK,-0.012841276781410733,5,-1
H&S__UK__B01N8XWTUI,B01N8XWTUI,H&S,UK,-0.012841276781410733,5,-1
H&S__ES__B00FHGCK32,B00FHGCK32,H&S,ES,-0.03765201122544432,7,8
Tritart__UK__B073ZMSSND,B073ZMSSND,Tritart,UK,0.029564481149948873,0,5
Espring__ES__B0711HDC9L,B0711HDC9L,Espring,ES,0.07055961070559615,2,9
H&S__IT__B06XRQ33CC,B06XRQ33CC,H&S,IT,2.4722236964001037e-31,3,-1
Espring__US__B08B3V248T,B08B3V248T,Espring,US,-0.4958982716022099,4,0
Espring__ES__B084BWY8FP,B084BWY8FP,Espring,ES,0.0,1,4
H&S__UK__B01MXVFWJM,B01MXVFWJM,H&S,UK,-0.0006850295283390332,7,-1
H&S__US__B06Y4ND43F,B06Y4ND43F,H&S,US,-0.017988118105011924,1,1
Espring__IT__B07TQSP4Y5,B07TQSP4Y5,Espring,IT,0.7378947368421047,1,1
H&S__US__B00BVTF9GE,B00BVTF9GE,H&S,US,-0.5738167319047618,7,8
Espring__IT__B07RLYF81N,B07RLYF81N,Espring,IT,0.00545895494965826,7,8
Espring__IT__B07Q4C2Y7K,B07Q4C2Y7K,Espring,IT,-0.9999999999999997,4,0
H&S__DE__B01648O8CM,B01648O8CM,H&S,DE,0.06335335882031676,4,-1
Espring__IT__B01M8GI87J,B01M8GI87J,Espring,IT,1.2857142857142858,1,-1
Espring__ES__B01LAUQ91M,B01LAUQ91M,Espring,ES,2.599999999999999,1,1
H&S__US__B07RLJBB1N,B07RLJBB1N,H&S,US,-0.030630986956059862,6,2
H&S__US__B06XRQ33CC,B06XRQ33CC,H&S,US,-0.18585497415149818,3,-1
H&S__ES__B017GLNHEG,B017GLNHEG,H&S,ES,0.27715355805243436,7,8
Tritart__DE__B01DSCC1Y4,B01DSCC1Y4,Tritart,DE,0.014342235410484664,0,5
Espring__US__B01G6UPTUI,B01G6UPTUI,Espring,US,-0.048796864055352496,2,9
H&S__US__B00TY2O8QC,B00TY2O8QC,H&S,US,0.33267047876267786,7,-1
H&S__US__B00TY2O8QC,B00TY2O8QC,H&S,US,0.33267047876267786,7,-1
H&S__ES__B016AHAPJC,B016AHAPJC,H&S,ES,-0.18701953371140526,5,7
H&S__ES__B00C13AZFE,B00C13AZFE,H&S,ES,-0.1128611460044448,4,0
H&S__US__B07PPM6WDZ,B07PPM6WDZ,H&S,US,-0.058731282150406565,0,5
H&S__US__B01LMKPSGM,B01LMKPSGM,H&S,US,-0.17450108694140373,0,5
Espring__ES__B07Q4C2Y7K,B07Q4C2Y7K,Espring,ES,0.15458579881656803,4,0
H&S__IT__B01K0YPWEY,B01K0YPWEY,H&S,IT,-1.5279113224421024e-31,7,-1
Tritart__DE__B08Q43R7MK,B08Q43R7MK,Tritart,DE,-0.1968693434260326,0,5
Espring__DE__B01I9P24BK,B01I9P24BK,Espring,DE,-5.584297180524847e-32,4,0
Espring__ES__B07RLYF81N,B07RLYF81N,Espring,ES,0.04986033519553079,7,8
Tritart__DE__B01N5EAVIA,B01N5EAVIA,Tritart,DE,-0.009766267968835736,0,5
H&S__US__B07GTRCT4Z,B07GTRCT4Z,H&S,US,-0.08393306142922921,5,-1
Espring__ES__B015FX4ZZ2,B015FX4ZZ2,Espring,ES,0.10326086956521756,2,-1
H&S__UK__B078X5N2K1,B078X5N2K1,H&S,UK,-0.01529042776357394,6,-1
H&S__UK__B07RSR4B12,B07RSR4B12,H&S,UK,-0.009865391249558859,7,8
H&S__UK__B07RLJBB1N,B07RLJBB1N,H&S,UK,0.005885426023297168,6,-1
Tritart__DE__B07P4362J2,B07P4362J2,Tritart,DE,-0.19248395967002752,0,5
H&S__UK__B0721JH8PH,B0721JH8PH,H&S,UK,-0.024611742376566572,2,-1
H&S__UK__B0721JH8PH,B0721JH8PH,H&S,UK,-0.024611742376566572,2,-1
Espring__UK__B0857JRBR2,B0857JRBR2,Espring,UK,-0.0870641165858308,0,5
H&S__UK__B07FW3X7CQ,B07FW3X7CQ,H&S,UK,-0.02225915994170969,5,6
H&S__PL__B00C13AZEK,B00C13AZEK,H&S,PL,1.3990622750000001,4,0
Espring__IT__B08CGYF2L5,B08CGYF2L5,Espring,IT,-0.027368421052631386,1,-1
Tritart__ES__B073ZMSSND,B073ZMSSND,Tritart,ES,0.03779036827195468,0,5
H&S__UK__B07N8BLMZ7,B07N8BLMZ7,H&S,UK,0.0017613696672723483,2,-1
H&S__UK__B07JZD2S4S,B07JZD2S4S,H&S,UK,-0.0128633571077363,0,5
Espring__US__B08LDJBF86,B08LDJBF86,Espring,US,-0.11691229306483276,2,9
H&S__DE__B0788Z6RBV,B0788Z6RBV,H&S,DE,-0.034948750066157386,0,5
Espring__ES__B017L0A6K0,B017L0A6K0,Espring,ES,-0.8174129353233831,0,5
Espring__UK__B071LHTNJP,B071LHTNJP,Espring,UK,-0.2919063857549961,2,9
H&S__UK__B071KX221S,B071KX221S,H&S,UK,-0.052501875243869144,2,-1
H&S__US__B07CG63DK7,B07CG63DK7,H&S,US,0.029657663666666785,1,4
Espring__DE__B09BHPLJ35,B09BHPLJ35,Espring,DE,4.299875284949258e-17,2,9
H&S__ES__B00FHGGUT2,B00FHGGUT2,H&S,ES,-0.0,7,8
H&S__ES__B00FHGGUT2,B00FHGGUT2,H&S,ES,-0.0,7,8
H&S__UK__B01K0YPWEY,B01K0YPWEY,H&S,UK,-0.003990610503722682,7,8
H&S__ES__B078X5N2K1,B078X5N2K1,H&S,ES,-0.10880686289941763,6,-1
H&S__IT__B00TY1HA18,B00TY1HA18,H&S,IT,0.0,7,8
Espring__US__B0875PQLS9,B0875PQLS9,Espring,US,-0.16155529761718715,2,9
Espring__US__B07TC51TS9,B07TC51TS9,Espring,US,-0.01211221026587459,7,8
H&S__UK__B07RQJJ9VX,B07RQJJ9VX,H&S,UK,-0.033401058295105895,0,5
Espring__ES__B092D4P7SL,B092D4P7SL,Espring,ES,2.081857142857143,3,3
H&S__IT__B01M8K6DZ2,B01M8K6DZ2,H&S,IT,2.7757989800492307e-31,5,6
H&S__DE__B00C13AZEA,B00C13AZEA,H&S,DE,0.1325136952191236,4,0
H&S__ES__B00K1Q9HIE,B00K1Q9HIE,H&S,ES,-0.0,6,2
H&S__UK__B01MSWBUX5,B01MSWBUX5,H&S,UK,-0.0017909108829849587,4,0
H&S__DE__B01NAHVSFS,B01NAHVSFS,H&S,DE,0.0,6,2
H&S__US__B00C13AZEK,B00C13AZEK,H&S,US,-0.33607693357946355,4,0
H&S__UK__B00K1Q9HIE,B00K1Q9HIE,H&S,UK,-0.01875364990797842,6,2
Espring__DE__B0193JCAKG,B0193JCAKG,Espring,DE,-0.2663192539769609,2,-1
Espring__IT__B01JAAUA0U,B01JAAUA0U,Espring,IT,0.04528301886792431,4,0
H&S__DE__B07RSR4B12,B07RSR4B12,H&S,DE,-0.11417601890135853,7,8
H&S__IT__B073ZQFKV4,B073ZQFKV4,H&S,IT,0.0,3,3
Tritart__DE__B092D82RGQ,B092D82RGQ,Tritart,DE,-0.3350951374207188,0,5
Espring__DE__B01LQ4CZ3S,B01LQ4CZ3S,Espring,DE,-0.17211024769305489,2,-1
Espring__ES__B08HM2VGX9,B08HM2VGX9,Espring,ES,-0.6600000000000001,1,-1
H&S__UK__B01HS5ASGK,B01HS5ASGK,H&S,UK,-0.0017878789077237112,2,9
Tritart__DE__B07YSCWK2F,B07YSCWK2F,Tritart,DE,-0.16839622641509422,0,5
Espring__IT__B01HXOSRYG,B01HXOSRYG,Espring,IT,0.05139460803356381,1,1
H&S__ES__B072LXQPCH,B072LXQPCH,H&S,ES,-0.34972677595628415,6,2
H&S__UK__B016CQV2E8,B016CQV2E8,H&S,UK,-0.006812465137410761,5,-1
Espring__ES__B07TRLKYG6,B07TRLKYG6,Espring,ES,1.8400000000000003,2,9
Espring__ES__B07FYK6FZ3,B07FYK6FZ3,Espring,ES,0.41052631578947346,7,-1
Tritart__DE__B08Q47YQBG,B08Q47YQBG,Tritart,DE,-0.004397470262226596,0,5
Espring__ES__B0857JRBR2,B0857JRBR2,Espring,ES,-0.7191011235955057,0,5
Tritart__DE__B07WJNGG8J,B07WJNGG8J,Tritart,DE,-0.10968543046357625,0,5
Tritart__DE__B0829BCTTX,B0829BCTTX,Tritart,DE,-0.1240523776705719,0,5
Espring__DE__B088MF482R,B088MF482R,Espring,DE,-2.565243277839489e-31,5,7
H&S__DE__B00FAZ6L4Y,B00FAZ6L4Y,H&S,DE,0.1419098143236075,0,5
Espring__UK__B01LWJRCVJ,B01LWJRCVJ,Espring,UK,0.0035447642888220923,7,8
H&S__US__B07VNGCG2J,B07VNGCG2J,H&S,US,-0.12435056068014602,0,5
H&S__UK__B071LJBPNT,B071LJBPNT,H&S,UK,-0.004852942223712832,1,4
H&S__IT__B016CQV2E8,B016CQV2E8,H&S,IT,0.008628127696289869,5,7
Tritart__DE__B08Q3CP2J5,B08Q3CP2J5,Tritart,DE,-0.11173472229959344,7,-1
Espring__US__B07T7N8DP7,B07T7N8DP7,Espring,US,0.013207238363953908,7,8
H&S__DE__B07GTF236R,B07GTF236R,H&S,DE,0.3177799607072692,4,0
Espring__IT__B017DIQL0O,B017DIQL0O,Espring,IT,0.0,2,-1
H&S__UK__B00DHPM6GG,B00DHPM6GG,H&S,UK,0.0026549660864251395,5,7
Espring__US__B01LAUQ91M,B01LAUQ91M,Espring,US,0.3210421496259349,1,1
Espring__DE__B014TDD6OU,B014TDD6OU,Espring,DE,-0.03863251288965,2,9
Tritart__ES__B072HKHJJS,B072HKHJJS,Tritart,ES,0.027982899339292662,2,-1
H&S__IT__B016KSQ5F4,B016KSQ5F4,H&S,IT,0.0,5,7
H&S__UK__B016JQDRNU,B016JQDRNU,H&S,UK,0.006833815562760962,2,-1
Tritart__DE__B07PZW2DH7,B07PZW2DH7,Tritart,DE,8.497176314223047e-32,0,5
Espring__IT__B017L0A6K0,B017L0A6K0,Espring,IT,-0.05822446555819481,0,5
H&S__DE__B07JHNHW2K,B07JHNHW2K,H&S,DE,-0.00360038972506115,1,4
H&S__UK__B07KV8NYBN,B07KV8NYBN,H&S,UK,-0.0026910798899284338,0,5
H&S__IT__B07FMDHYCK,B07FMDHYCK,H&S,IT,2.0966064757790496e-31,4,-1
Tritart__US__B073WNN94R,B073WNN94R,Tritart,US,0.0,3,-1
Espring__DE__B07PQQRS2T,B07PQQRS2T,Espring,DE,-3.058187128035224e-31,2,9
H&S__UK__B01M2Y5TFQ,B01M2Y5TFQ,H&S,UK,0.04531546536649025,2,-1
Espring__ES__B017DIQL0O,B017DIQL0O,Espring,ES,-4.68653212232964e-31,2,-1
H&S__UK__B00FHGCK32,B00FHGCK32,H&S,UK,-0.013728415858442288,7,-1
H&S__UK__B00FHGCK32,B00FHGCK32,H&S,UK,-0.013728415858442288,7,-1
Tritart__US__B072HKHJJS,B072HKHJJS,Tritart,US,-0.18235462930630625,2,-1
H&S__UK__B07D26LYLH,B07D26LYLH,H&S,UK,-0.07540222465424946,4,-1
Tritart__IT__B074SXX9J9,B074SXX9J9,Tritart,IT,0.0,0,5
Espring__DE__B09LVB5HM6,B09LVB5HM6,Espring,DE,7.891644884168645e-32,5,6
Espring__DE__B071YVMZV4,B071YVMZV4,Espring,DE,-0.06985865462887589,2,9
H&S__DE__B00BVUIVYU,B00BVUIVYU,H&S,DE,-0.01857906953274799,3,-1
H&S__US__B07M6PRNHG,B07M6PRNHG,H&S,US,0.0017415603277490302,7,8
Tritart__DE__B085TLR7QG,B085TLR7QG,Tritart,DE,-0.44790116105983935,1,4
H&S__DE__B01K1135UO,B01K1135UO,H&S,DE,-0.0,7,8
H&S__US__B078X394PF,B078X394PF,H&S,US,-3.196294837222223,2,9
Espring__DE__B018ZBRFOY,B018ZBRFOY,Espring,DE,0.049999999999999996,0,5
Espring__IT__B019DWX2Y6,B019DWX2Y6,Espring,IT,0.0034735413839890998,3,3
H&S__US__B00DHPM6GG,B00DHPM6GG,H&S,US,-0.0810641765109756,5,7
H&S__DE__B00C13AZFE,B00C13AZFE,H&S,DE,-3.981810642729094e-31,4,0
H&S__ES__B07QV6S7N3,B07QV6S7N3,H&S,ES,-7.113350838223666e-32,1,4
H&S__UK__B072BBQ3M5,B072BBQ3M5,H&S,UK,-0.0012978530700972907,1,4
H&S__IT__B078PYYXBH,B078PYYXBH,H&S,IT,0.02051282051282053,0,5
Tritart__DE__B0829B5PR6,B0829B5PR6,Tritart,DE,-0.1567398119122257,0,5
Espring__IT__B08PFSNDF7,B08PFSNDF7,Espring,IT,0.2247457627118642,0,5
H&S__IT__B00C13AZEK,B00C13AZEK,H&S,IT,0.036206896551724134,4,0
H&S__US__B018OMJGCS,B018OMJGCS,H&S,US,0.006174953607142886,4,0
H&S__US__B01MCT751U,B01MCT751U,H&S,US,0.006073383878368141,1,4
Espring__ES__B01HOA4J5K,B01HOA4J5K,Espring,ES,-0.0,7,8
H&S__ES__B00BVG3JMS,B00BVG3JMS,H&S,ES,-1.4095919429760135e-31,5,7
Espring__DE__B01H2A42C2,B01H2A42C2,Espring,DE,0.05568369028006587,5,6
Espring__DE__B09LVF7X3D,B09LVF7X3D,Espring,DE,-0.0,5,6
Tritart__DE__B07WK1M7Y8,B07WK1M7Y8,Tritart,DE,-0.7958921694480106,0,5
H&S__UK__B01NAHVSFS,B01NAHVSFS,H&S,UK,-0.0002067289660075126,6,-1
Espring__IT__B015FX4ZZ2,B015FX4ZZ2,Espring,IT,-0.0639534883720929,2,-1
Tritart__DE__B074LTCT6C,B074LTCT6C,Tritart,DE,-0.035862849723952685,3,-1
Tritart__PL__B01LIQ82OA,B01LIQ82OA,Tritart,PL,0.0,0,5
H&S__UK__B07TDLK5W3,B07TDLK5W3,H&S,UK,7.314688704765341e-05,0,5
Tritart__DE__B072P2MH3T,B072P2MH3T,Tritart,DE,-0.17531150391190956,0,5
H&S__UK__B06Y51KHKW,B06Y51KHKW,H&S,UK,-0.000346725950075191,6,2
H&S__UK__B07QV6S7N3,B07QV6S7N3,H&S,UK,-0.0010883425800193862,1,4
H&S__IT__B01M2Y5TFQ,B01M2Y5TFQ,H&S,IT,-0.10052834499500213,2,-1
H&S__DE__B07N8BLMZ7,B07N8BLMZ7,H&S,DE,-0.06762028608582575,2,-1
Espring__US__B0872W1YTK,B0872W1YTK,Espring,US,-0.5227264387499997,1,1
H&S__DE__B06XRQ33CC,B06XRQ33CC,H&S,DE,-0.03403511691769991,3,-1
H&S__ES__B01648O8CM,B01648O8CM,H&S,ES,-0.0013157894736842294,4,0
H&S__US__B074VWN2SN,B074VWN2SN,H&S,US,-0.08824188766666663,1,4
H&S__ES__B00TY2O8QC,B00TY2O8QC,H&S,ES,-0.03134328358208953,7,-1
H&S__PL__B01NATTRD3,B01NATTRD3,H&S,PL,0.00860722388888913,7,-1
Espring__ES__B01MSMAO37,B01MSMAO37,Espring,ES,-0.2835897435897433,0,5
H&S__DE__B01MSWBUX5,B01MSWBUX5,H&S,DE,0.014705882352941154,4,0
H&S__ES__B00C13AZEK,B00C13AZEK,H&S,ES,0.015974995658968566,4,0
Espring__DE__B01HXX8RVA,B01HXX8RVA,Espring,DE,-1.3367769168244388e-31,1,4
H&S__UK__B07TKCV8HT,B07TKCV8HT,H&S,UK,-0.0023965419680544884,4,-1
Espring__DE__B08PFSNDF7,B08PFSNDF7,Espring,DE,-0.0,0,5
Espring__IT__B01K4R2FWY,B01K4R2FWY,Espring,IT,0.0016666666666663367,1,1
H&S__ES__B06Y2MZH39,B06Y2MZH39,H&S,ES,0.08404669260700412,2,-1
Tritart__DE__B08FQTDNRC,B08FQTDNRC,Tritart,DE,0.0,0,5
H&S__DE__B06XVJL3NP,B06XVJL3NP,H&S,DE,-0.09615384615384612,6,2
Espring__DE__B084WS4SRY,B084WS4SRY,Espring,DE,0.03519356460532933,4,0
H&S__DE__B01MY6R11P,B01MY6R11P,H&S,DE,-0.20000000000000007,6,2
H&S__ES__B01K1135UO,B01K1135UO,H&S,ES,0.01812450748620962,7,8
H&S__UK__B07S732NKF,B07S732NKF,H&S,UK,-0.05154768509251387,2,-1
H&S__DE__B018OMJGCS,B018OMJGCS,H&S,DE,-0.056261343012704156,4,0
H&S__ES__B01MXVFWJM,B01MXVFWJM,H&S,ES,0.0,7,-1
Espring__ES__B09C8JHT9L,B09C8JHT9L,Espring,ES,1.2921259477280122e-31,3,-1
Tritart__ES__B07XYX7Y43,B07XYX7Y43,Tritart,ES,0.0,0,5
Espring__DE__B019Y5U1G4,B019Y5U1G4,Espring,DE,0.012798092209856924,2,9
Espring__DE__B01HZDQ5Q2,B01HZDQ5Q2,Espring,DE,-0.4679270762997973,2,-1
Espring__ES__B09GY9XQ76,B09GY9XQ76,Espring,ES,0.02565164433617553,4,0
Espring__ES__B09BHRB99F,B09BHRB99F,Espring,ES,0.5187499999999999,2,-1
H&S__UK__B06WD53P6D,B06WD53P6D,H&S,UK,0.013957279396854835,3,-1
Espring__US__B08BLS8RZ7,B08BLS8RZ7,Espring,US,-0.020713583749999948,6,2
Tritart__UK__B07XMCM4B4,B07XMCM4B4,Tritart,UK,-0.07091035075034109,0,5
H&S__UK__B01MY6R11P,B01MY6R11P,H&S,UK,-0.035413017764304555,6,2
H&S__UK__B00FHGGUT2,B00FHGGUT2,H&S,UK,0.003612265912318032,7,8
H&S__UK__B00FHGGUT2,B00FHGGUT2,H&S,UK,0.003612265912318032,7,8
Espring__ES__B014TDD6P4,B014TDD6P4,Espring,ES,-0.11392857142857142,2,-1
H&S__PL__B072BBQ3M5,B072BBQ3M5,H&S,PL,-0.059201099619047175,1,4
Tritart__PL__B07DJQ81QT,B07DJQ81QT,Tritart,PL,0.0853364200000002,0,5
H&S__UK__B016AHAPJC,B016AHAPJC,H&S,UK,-0.08589922972331106,5,7
H&S__US__B01648O8CM,B01648O8CM,H&S,US,-0.29479012923111575,4,0
H&S__IT__B07D25PJS4,B07D25PJS4,H&S,IT,0.0,6,-1
Tritart__DE__B08Q3BSVTM,B08Q3BSVTM,Tritart,DE,-0.25000000000000017,1,4
H&S__US__B07GKV4789,B07GKV4789,H&S,US,-0.30446787018675153,4,-1
Tritart__DE__B073ZMSSND,B073ZMSSND,Tritart,DE,0.018074591328357884,0,5
Espring__DE__B08J3T116Q,B08J3T116Q,Espring,DE,1.8174603174603179,2,9
H&S__DE__B00NBCCR0A,B00NBCCR0A,H&S,DE,-6.950783223230662e-32,1,-1
H&S__IT__B072BBQ3M5,B072BBQ3M5,H&S,IT,4.442016642993685e-31,1,4
H&S__IT__B072BBQ3M5,B072BBQ3M5,H&S,IT,4.442016642993685e-31,1,4
Espring__DE__B07TMN2NY5,B07TMN2NY5,Espring,DE,-0.01989911288919812,1,1
H&S__UK__B072Q35687,B072Q35687,H&S,UK,-0.04772704339528414,2,-1
H&S__ES__B01MCT751U,B01MCT751U,H&S,ES,0.01235849056603772,1,4
Espring__DE__B01991A32K,B01991A32K,Espring,DE,-0.04934586004038985,2,9
H&S__DE__B07GZ9GH8T,B07GZ9GH8T,H&S,DE,-6.262787290754749e-32,3,3
Tritart__IT__B083KBDRSW,B083KBDRSW,Tritart,IT,-0.11235955056179776,1,4
Espring__IT__B0727Q3H5D,B0727Q3H5D,Espring,IT,-0.20120872641509444,2,9
Espring__IT__B01LW463CQ,B01LW463CQ,Espring,IT,-0.018318523581681463,5,6
H&S__ES__B01K0YPWEY,B01K0YPWEY,H&S,ES,-7.768688361529707e-32,7,8
Tritart__IT__B073ZMSSND,B073ZMSSND,Tritart,IT,0.0,0,5
H&S__US__B017GLNHEG,B017GLNHEG,H&S,US,-0.8444880625925926,7,8
Espring__IT__B01LWJRCVJ,B01LWJRCVJ,Espring,IT,0.05991551800800353,7,8
H&S__UK__B07GN3J56J,B07GN3J56J,H&S,UK,-0.024420337069540415,2,9
Espring__DE__B01ICXZED4,B01ICXZED4,Espring,DE,0.10906737148713523,4,0
H&S__ES__B01M2Y5TFQ,B01M2Y5TFQ,H&S,ES,0.36006018916595,2,-1
H&S__DE__B06Y4S6ZCP,B06Y4S6ZCP,H&S,DE,0.05882352941176469,1,-1
H&S__UK__B00C01Z4BC,B00C01Z4BC,H&S,UK,0.016924417563264273,3,-1
H&S__UK__B016LHY28G,B016LHY28G,H&S,UK,-0.00084975713357411,2,-1
H&S__IT__B07WTXZ2JC,B07WTXZ2JC,H&S,IT,0.0,1,-1
H&S__US__B07DZ9L7KS,B07DZ9L7KS,H&S,US,0.0,3,3
Espring__DE__B01HFIONTS,B01HFIONTS,Espring,DE,-0.0033233106504193645,5,7
Espring__IT__B01K1ZD6HC,B01K1ZD6HC,Espring,IT,-0.4442307692307692,2,-1
Tritart__PL__B073ZMSSND,B073ZMSSND,Tritart,PL,-0.07703735449999982,0,5
Espring__DE__B01N1F59Q4,B01N1F59Q4,Espring,DE,-0.32905138339920964,5,-1
H&S__DE__B074VWN2SN,B074VWN2SN,H&S,DE,0.056910569105691144,1,-1
Tritart__DE__B07XYY42F4,B07XYY42F4,Tritart,DE,-0.044150110375275886,6,2
Espring__DE__B0857JKTZL,B0857JKTZL,Espring,DE,4.0593381726398296e-32,0,5
Espring__DE__B0847THKYH,B0847THKYH,Espring,DE,0.3950581395348836,0,5
H&S__ES__B01LMKPSGM,B01LMKPSGM,H&S,ES,2.2939286185526642e-31,0,5
Tritart__UK__B074LTCT6C,B074LTCT6C,Tritart,UK,-0.10208054586611935,3,-1
H&S__UK__B016KSQ5F4,B016KSQ5F4,H&S,UK,0.01063418724617782,5,-1
Espring__ES__B084BZWGHC,B084BZWGHC,Espring,ES,-2.1268881995822294e-30,0,5
H&S__UK__B06XRQ33CC,B06XRQ33CC,H&S,UK,-0.0019554119138281835,3,-1
H&S__ES__B016KSQ5F4,B016KSQ5F4,H&S,ES,0.0,5,7
H&S__US__B07JZD2S4S,B07JZD2S4S,H&S,US,0.0,0,5
H&S__DE__B078PY739S,B078PY739S,H&S,DE,-0.16396484375000003,0,5
Espring__ES__B01JP1QDKU,B01JP1QDKU,Espring,ES,-0.30555225653206625,1,1
H&S__US__B01MRVUOAB,B01MRVUOAB,H&S,US,-0.167755652476755,3,-1
Espring__DE__B07PQQRNBM,B07PQQRNBM,Espring,DE,-2.3420139819617923e-31,2,9
H&S__US__B00TY1HA18,B00TY1HA18,H&S,US,0.2332535437627671,7,8
Espring__ES__B01991A32K,B01991A32K,Espring,ES,0.007449209932279926,2,9
Espring__ES__B01CGDQMDM,B01CGDQMDM,Espring,ES,-0.26833568406205927,6,2
Espring__ES__B01MCWLB30,B01MCWLB30,Espring,ES,0.0,5,-1
Espring__DE__B088NQYHK5,B088NQYHK5,Espring,DE,0.0,2,9
Espring__DE__B07GPPQKCK,B07GPPQKCK,Espring,DE,-0.0,2,-1
H&S__ES__B07VNGCG2J,B07VNGCG2J,H&S,ES,2.705770582392846e-31,0,5
Espring__DE__B01HOA4J5K,B01HOA4J5K,Espring,DE,-0.00760680991317017,7,8
H&S__UK__B07TQS7PDP,B07TQS7PDP,H&S,UK,0.0015843803317951502,0,5
H&S__ES__B078PY739S,B078PY739S,H&S,ES,0.027782162588792444,0,5
H&S__DE__B07TQS7PDP,B07TQS7PDP,H&S,DE,-1.761535197473771e-32,0,5
H&S__ES__B01M8K6DZ2,B01M8K6DZ2,H&S,ES,-1.927844901300758e-31,5,6
Espring__DE__B01LXCW0VK,B01LXCW0VK,Espring,DE,5.244999999999997,2,-1
H&S__IT__B00BBL0OPS,B00BBL0OPS,H&S,IT,0.17647058823529418,0,5
H&S__IT__B00BBL0OPS,B00BBL0OPS,H&S,IT,0.17647058823529418,0,5
H&S__ES__B018OMJGCS,B018OMJGCS,H&S,ES,1.5040588598237497e-31,4,-1
H&S__PL__B07TN75FC1,B07TN75FC1,H&S,PL,0.0,5,-1
Espring__DE__B088RDPTJH,B088RDPTJH,Espring,DE,-1.3812415654520924,4,0
Espring__ES__B09LVD47W6,B09LVD47W6,Espring,ES,2.630833333333333,5,6
Tritart__IT__B07DGKQ896,B07DGKQ896,Tritart,IT,0.044148936170212746,0,5
H&S__US__B07DPTK7FG,B07DPTK7FG,H&S,US,0.15606568761105047,1,4
H&S__DE__B06Y6F2W4Z,B06Y6F2W4Z,H&S,DE,0.03846153846153844,1,1
Espring__DE__B07T83NWZ5,B07T83NWZ5,Espring,DE,-0.07456701258241882,7,8
Tritart__DE__B08Q3F1Z1N,B08Q3F1Z1N,Tritart,DE,-0.0036429872495447823,0,5
H&S__IT__B07KV8ZB91,B07KV8ZB91,H&S,IT,0.06692913385826774,0,5
Espring__DE__B018I2DWPQ,B018I2DWPQ,Espring,DE,2.953584870901939e-32,2,9
H&S__UK__B0788Z6RBV,B0788Z6RBV,H&S,UK,-0.0023703213398417237,0,5
Espring__ES__B01JAAUA0U,B01JAAUA0U,Espring,ES,-0.0,4,0
H&S__US__B07CKHXWR9,B07CKHXWR9,H&S,US,0.03163044239999983,3,-1
H&S__IT__B07GTRCT4Z,B07GTRCT4Z,H&S,IT,0.0,5,7
H&S__ES__B07TQS7PDP,B07TQS7PDP,H&S,ES,0.0,0,5
Espring__ES__B098XFGXM4,B098XFGXM4,Espring,ES,0.10090909090909084,2,9
Espring__IT__B01AAJOVH8,B01AAJOVH8,Espring,IT,-1.5661852107809258,1,-1
Espring__IT__B01N3SL15M,B01N3SL15M,Espring,IT,0.042382928275044446,5,-1
H&S__US__B0791GDKBP,B0791GDKBP,H&S,US,0.059150741927345984,4,-1
H&S__UK__B078PYYXBH,B078PYYXBH,H&S,UK,0.0014449481731873895,0,-1
Tritart__DE__B07TZHYZ1N,B07TZHYZ1N,Tritart,DE,-1.4030075187969913,0,5
Espring__DE__B01HXOSRYG,B01HXOSRYG,Espring,DE,-0.38450058039909346,1,1
H&S__UK__B07JWL5DHB,B07JWL5DHB,H&S,UK,-0.009918174742095229,2,-1
Tritart__DE__B07CZMTRJ8,B07CZMTRJ8,Tritart,DE,0.05448201825013418,0,5
H&S__IT__B01NAHVSFS,B01NAHVSFS,H&S,IT,2.059845858839455e-31,6,-1
Tritart__DE__B073XSJMK5,B073XSJMK5,Tritart,DE,-0.5157331655129012,7,-1
H&S__ES__B074VWN2SN,B074VWN2SN,H&S,ES,0.2000000000000001,1,4
H&S__US__B00FHGGUT2,B00FHGGUT2,H&S,US,0.011153970768712574,7,8
H&S__US__B01M7RJXEE,B01M7RJXEE,H&S,US,-0.006026661585366097,5,7
H&S__DE__B017GLWKXK,B017GLWKXK,H&S,DE,-0.006903353057199205,7,-1
H&S__IT__B07GN1J9RV,B07GN1J9RV,H&S,IT,0.0,2,9
H&S__UK__B00FAZ6L4Y,B00FAZ6L4Y,H&S,UK,0.004280443315445629,0,-1
H&S__UK__B00FAZ6L4Y,B00FAZ6L4Y,H&S,UK,0.004280443315445629,0,-1
H&S__UK__B078X394PF,B078X394PF,H&S,UK,-0.03601061798575507,2,-1
H&S__UK__B078X394PF,B078X394PF,H&S,UK,-0.03601061798575507,2,-1
H&S__UK__B07RF6S3K3,B07RF6S3K3,H&S,UK,-0.014212090786750821,2,-1
Espring__US__B07SNF9BKP,B07SNF9BKP,Espring,US,-0.0235517220744679,1,1
Espring__IT__B01J3WOZ4M,B01J3WOZ4M,Espring,IT,0.0,1,4
Espring__ES__B019XTF03U,B019XTF03U,Espring,ES,-0.11987068965517254,1,-1
Tritart__DE__B08WWNH8XF,B08WWNH8XF,Tritart,DE,0.1295454545454546,1,4
Espring__ES__B08YK68R6M,B08YK68R6M,Espring,ES,-1.1239062499999994,1,4
H&S__IT__B071XNQZJ7,B071XNQZJ7,H&S,IT,-0.2691466083150985,5,7
H&S__ES__B072JVLVPM,B072JVLVPM,H&S,ES,2.0833333333333326,7,8
H&S__IT__B06XS97SKH,B06XS97SKH,H&S,IT,-0.32142857142857145,6,-1
Espring__ES__B09M76QR53,B09M76QR53,Espring,ES,-1.0533015006821274,6,2
H&S__IT__B07GBK5SQL,B07GBK5SQL,H&S,IT,-0.12648482182138146,7,8
